,id,route_id,airline_id,departure_date,price,created_at
0,f9c8f77b-9f26-42c1-bd8c-45dae85d033c,1cbf0f58-1cba-46d8-8eec-f9c0ec5acd1f,df66ebda-424a-4644-92e9-8ff34e3be56d,2025-10-30,5680,2025-10-24T04:46:39.046096+00:00
1,6524bf45-40b8-4654-aaac-cbf8f951e065,1cbf0f58-1cba-46d8-8eec-f9c0ec5acd1f,4e9b1741-6fd4-47ef-ad87-3faff6bd6e40,2025-10-26,6244,2025-10-24T04:46:39.315211+00:00
2,ca688b45-e069-460f-9354-f75fd3d67329,1cbf0f58-1cba-46d8-8eec-f9c0ec5acd1f,df66ebda-424a-4644-92e9-8ff34e3be56d,2025-11-07,7479,2025-10-24T04:46:39.543931+00:00
3,b457f5c0-987a-423e-8946-35cb1f3959b0,1cbf0f58-1cba-46d8-8eec-f9c0ec5acd1f,df66ebda-424a-4644-92e9-8ff34e3be56d,2025-11-08,8633,2025-10-24T04:46:39.592916+00:00
4,fdfa541d-dcb5-4852-9f0d-6913c05f90ef,1cbf0f58-1cba-46d8-8eec-f9c0ec5acd1f,ae06a7d9-3a3c-4886-bbb2-61c275650128,2025-10-24,5859,2025-10-24T04:47:18.779529+00:00
5,a2cbc1e1-9385-4d5b-bbb5-4fba7d871e14,1cbf0f58-1cba-46d8-8eec-f9c0ec5acd1f,ae06a7d9-3a3c-4886-bbb2-61c275650128,2025-10-26,6377,2025-10-24T04:47:18.951312+00:00
6,e8b83252-a081-404a-a38b-9b7d53256ad9,d947b640-2157-43a7-b48a-b8c24d4807b3,df66ebda-424a-4644-92e9-8ff34e3be56d,2025-10-24,4264,2025-10-24T04:47:23.836361+00:00
7,6e437c9c-bcd9-41c2-bf42-7105439ae0cf,d947b640-2157-43a7-b48a-b8c24d4807b3,df66ebda-424a-4644-92e9-8ff34e3be56d,2025-11-01,4264,2025-10-24T04:47:24.131291+00:00
8,2a28eda5-91ea-4609-ad0d-ab134df7a9e2,c96034fb-d762-460a-a5a8-48829c121c1c,ae06a7d9-3a3c-4886-bbb2-61c275650128,2025-08-22,6189,2025-08-21T17:10:18.552263+00:00
9,afe28344-9094-4f5f-93dd-28481cefbe79,d947b640-2157-43a7-b48a-b8c24d4807b3,df66ebda-424a-4644-92e9-8ff34e3be56d,2025-11-03,4264,2025-10-24T04:47:24.223718+00:00
10,7f99d965-bc53-4792-8214-f05ae11b0437,c96034fb-d762-460a-a5a8-48829c121c1c,ae06a7d9-3a3c-4886-bbb2-61c275650128,2025-08-23,5399,2025-08-21T17:10:18.73986+00:00
11,7ae43207-bae4-42d9-ac87-f26102b34ace,d947b640-2157-43a7-b48a-b8c24d4807b3,df66ebda-424a-4644-92e9-8ff34e3be56d,2025-11-05,4264,2025-10-24T04:47:24.303481+00:00
12,be5e36cc-1062-4ed4-a0d8-b94e10e46683,c96034fb-d762-460a-a5a8-48829c121c1c,ae06a7d9-3a3c-4886-bbb2-61c275650128,2025-08-24,5399,2025-08-21T17:10:18.906623+00:00
13,147f57ef-8c8e-4d99-9abd-1626b328a510,d947b640-2157-43a7-b48a-b8c24d4807b3,df66ebda-424a-4644-92e9-8ff34e3be56d,2025-11-07,4264,2025-10-24T04:47:24.382767+00:00
14,56ccd433-d4bb-4db5-bea2-c0a44720cacb,c96034fb-d762-460a-a5a8-48829c121c1c,ae06a7d9-3a3c-4886-bbb2-61c275650128,2025-08-25,5399,2025-08-21T17:10:19.065815+00:00
15,8e04bda1-d0f4-499d-9787-9e03ea496906,d947b640-2157-43a7-b48a-b8c24d4807b3,ae06a7d9-3a3c-4886-bbb2-61c275650128,2025-10-24,4319,2025-10-24T04:47:30.063741+00:00
16,7824263a-e71c-40ec-9f45-2ca52b306a1d,c96034fb-d762-460a-a5a8-48829c121c1c,ae06a7d9-3a3c-4886-bbb2-61c275650128,2025-08-26,5399,2025-08-21T17:10:19.228258+00:00
17,1c464c44-f955-4076-9b92-a1aa8ae5cf81,d947b640-2157-43a7-b48a-b8c24d4807b3,ae06a7d9-3a3c-4886-bbb2-61c275650128,2025-10-26,8361,2025-10-24T04:47:30.1952+00:00
18,5f463fe8-40ef-4e46-bf6e-1d2c6539fde0,c96034fb-d762-460a-a5a8-48829c121c1c,ae06a7d9-3a3c-4886-bbb2-61c275650128,2025-08-27,5399,2025-08-21T17:10:19.420363+00:00
19,5f5a3983-75f7-40aa-baf6-697a2b5e52e7,81cb3285-717e-457e-adf7-839e1c2a7fee,df66ebda-424a-4644-92e9-8ff34e3be56d,2025-10-24,4872,2025-10-24T04:47:35.143994+00:00
20,761578f3-1cdc-467e-8ef8-e481e19881a8,c96034fb-d762-460a-a5a8-48829c121c1c,ae06a7d9-3a3c-4886-bbb2-61c275650128,2025-08-28,5399,2025-08-21T17:10:19.58212+00:00
21,43c9c05b-b721-48f8-91c4-597d9e0bdd9f,81cb3285-717e-457e-adf7-839e1c2a7fee,df66ebda-424a-4644-92e9-8ff34e3be56d,2025-10-28,3631,2025-10-24T04:47:35.553297+00:00
22,19afaa47-70d5-413a-bb67-937bbdc2e845,c96034fb-d762-460a-a5a8-48829c121c1c,ae06a7d9-3a3c-4886-bbb2-61c275650128,2025-08-29,5399,2025-08-21T17:10:19.75207+00:00
23,4d41ee00-a9af-4075-98d0-8506d3a555eb,81cb3285-717e-457e-adf7-839e1c2a7fee,4e9b1741-6fd4-47ef-ad87-3faff6bd6e40,2025-10-25,5522,2025-10-24T04:47:54.770434+00:00
24,4ca54eba-29c3-4083-8e65-14d69700df47,c96034fb-d762-460a-a5a8-48829c121c1c,ae06a7d9-3a3c-4886-bbb2-61c275650128,2025-08-30,5399,2025-08-21T17:10:19.926378+00:00
25,963993e7-aa93-4906-882a-9de8cfd949ef,f95680ab-0056-4d17-b6bf-312b5b51e017,4e9b1741-6fd4-47ef-ad87-3faff6bd6e40,2025-10-24,5601,2025-10-24T04:47:57.677318+00:00
26,9858a8b3-3bed-45f1-b490-5bad4ff1aba2,c96034fb-d762-460a-a5a8-48829c121c1c,ae06a7d9-3a3c-4886-bbb2-61c275650128,2025-08-31,5399,2025-08-21T17:10:20.083728+00:00
27,d9b781b3-53bd-47cb-8383-39e8c2d33225,f95680ab-0056-4d17-b6bf-312b5b51e017,df66ebda-424a-4644-92e9-8ff34e3be56d,2025-10-31,4434,2025-10-24T04:47:59.102043+00:00
28,acb504aa-a62c-469f-9947-9ae8a24a3f6c,c96034fb-d762-460a-a5a8-48829c121c1c,ae06a7d9-3a3c-4886-bbb2-61c275650128,2025-09-01,5399,2025-08-21T17:10:20.257145+00:00
29,85ea038b-05b9-4e1f-be5a-8e28310953a7,f95680ab-0056-4d17-b6bf-312b5b51e017,df66ebda-424a-4644-92e9-8ff34e3be56d,2025-11-08,4226,2025-10-24T04:47:59.450728+00:00
30,bc910eaf-cb02-4509-b262-dece0a375603,c96034fb-d762-460a-a5a8-48829c121c1c,ae06a7d9-3a3c-4886-bbb2-61c275650128,2025-09-02,5399,2025-08-21T17:10:20.410128+00:00
31,38c3522a-0584-42b0-8534-56aa45c10df7,f95680ab-0056-4d17-b6bf-312b5b51e017,df66ebda-424a-4644-92e9-8ff34e3be56d,2025-11-12,4226,2025-10-24T04:47:59.645265+00:00
32,7e2bc058-6cde-4ce4-9e6c-f40288908d86,c96034fb-d762-460a-a5a8-48829c121c1c,ae06a7d9-3a3c-4886-bbb2-61c275650128,2025-09-03,5399,2025-08-21T17:10:20.56562+00:00
33,19869e8c-b34f-44c7-95f6-23ec5225de4c,f95680ab-0056-4d17-b6bf-312b5b51e017,df66ebda-424a-4644-92e9-8ff34e3be56d,2025-11-16,4370,2025-10-24T04:47:59.825808+00:00
34,647ca46e-6a29-4ccc-8cc4-a1991a64d24e,c96034fb-d762-460a-a5a8-48829c121c1c,ae06a7d9-3a3c-4886-bbb2-61c275650128,2025-09-04,5399,2025-08-21T17:10:20.726504+00:00
35,e6dbd7a9-8b3e-44db-ad46-73b67b8cbd8c,f95680ab-0056-4d17-b6bf-312b5b51e017,ae06a7d9-3a3c-4886-bbb2-61c275650128,2025-11-24,4342,2025-10-24T04:48:21.693612+00:00
36,3d2d1e7e-6fdd-4423-8853-927c2c44a5ca,c96034fb-d762-460a-a5a8-48829c121c1c,ae06a7d9-3a3c-4886-bbb2-61c275650128,2025-09-05,5399,2025-08-21T17:10:20.879524+00:00
37,2282c516-170c-414b-b19f-c59fbbd53333,1a13131b-9d3b-463a-9510-c5f147e7394b,ae06a7d9-3a3c-4886-bbb2-61c275650128,2025-10-26,8207,2025-10-24T04:48:42.002036+00:00
38,b7474bbc-83b9-4bc9-8009-98e5fca0e7ad,c96034fb-d762-460a-a5a8-48829c121c1c,ae06a7d9-3a3c-4886-bbb2-61c275650128,2025-09-06,5399,2025-08-21T17:10:21.042953+00:00
39,508ed461-5879-428c-b7f9-a5fc6a0bec33,1a13131b-9d3b-463a-9510-c5f147e7394b,4e9b1741-6fd4-47ef-ad87-3faff6bd6e40,2025-10-28,13437,2025-10-24T04:48:48.245336+00:00
40,7c486015-1c8c-4ad3-9fc8-1aa4dd5062ed,c96034fb-d762-460a-a5a8-48829c121c1c,ae06a7d9-3a3c-4886-bbb2-61c275650128,2025-09-07,5399,2025-08-21T17:10:21.202436+00:00
41,f3704e0e-36e9-4e06-bd82-2ee495415828,1a13131b-9d3b-463a-9510-c5f147e7394b,4e9b1741-6fd4-47ef-ad87-3faff6bd6e40,2025-10-30,10497,2025-10-24T04:48:48.447424+00:00
42,9ef7968d-fd29-41c6-b14c-bce3379b9ae5,45b9757b-26ec-4382-996d-cd15827092d0,ae06a7d9-3a3c-4886-bbb2-61c275650128,2025-10-26,9141,2025-10-24T04:49:17.334426+00:00
43,39cfe0c8-b1ae-46bd-b57b-a0f0cf26bbd6,c96034fb-d762-460a-a5a8-48829c121c1c,ae06a7d9-3a3c-4886-bbb2-61c275650128,2025-09-08,5399,2025-08-21T17:10:21.404034+00:00
44,13193a35-e19c-449d-871b-5d2961eb7144,45b9757b-26ec-4382-996d-cd15827092d0,ae06a7d9-3a3c-4886-bbb2-61c275650128,2025-11-01,7735,2025-10-24T04:49:17.949991+00:00
45,8140d3ab-be86-4596-a71e-0e92017ccaa8,c96034fb-d762-460a-a5a8-48829c121c1c,ae06a7d9-3a3c-4886-bbb2-61c275650128,2025-09-09,5399,2025-08-21T17:10:21.576886+00:00
46,32e26a61-f776-4567-8f2d-f1da8f7802d1,45b9757b-26ec-4382-996d-cd15827092d0,ae06a7d9-3a3c-4886-bbb2-61c275650128,2025-11-09,8406,2025-10-24T04:49:18.899979+00:00
47,76938783-a5c5-429e-9af9-ad440b53ea7d,c96034fb-d762-460a-a5a8-48829c121c1c,ae06a7d9-3a3c-4886-bbb2-61c275650128,2025-09-10,5399,2025-08-21T17:10:21.832147+00:00
48,cc68b8a1-1178-4ab3-ab91-82f596d25ac8,45b9757b-26ec-4382-996d-cd15827092d0,df66ebda-424a-4644-92e9-8ff34e3be56d,2025-11-10,6083,2025-10-24T04:49:19.916001+00:00
49,205fdb06-8163-43bf-96b3-21d7c1002137,c96034fb-d762-460a-a5a8-48829c121c1c,ae06a7d9-3a3c-4886-bbb2-61c275650128,2025-09-11,5399,2025-08-21T17:10:21.98667+00:00
50,0ac95495-af85-402d-bf66-e07c8ba82cc4,4c86c598-d7f1-4ad1-8752-f787b957950d,df66ebda-424a-4644-92e9-8ff34e3be56d,2025-10-30,6569,2025-10-24T04:49:26.233519+00:00
51,5081c9ad-a5c7-4b61-8827-e44ee8fe98fa,c96034fb-d762-460a-a5a8-48829c121c1c,ae06a7d9-3a3c-4886-bbb2-61c275650128,2025-09-12,5399,2025-08-21T17:10:22.143563+00:00
52,b0f2fbcc-93e0-4e37-922d-c54998b4ffd4,4c86c598-d7f1-4ad1-8752-f787b957950d,df66ebda-424a-4644-92e9-8ff34e3be56d,2025-11-01,7368,2025-10-24T04:49:26.439142+00:00
53,233fbf83-a06a-4366-91d5-26b898250adc,c96034fb-d762-460a-a5a8-48829c121c1c,ae06a7d9-3a3c-4886-bbb2-61c275650128,2025-09-13,5399,2025-08-21T17:10:22.291468+00:00
54,d2da1f98-8aa4-45c3-9b69-706f888d089d,4c86c598-d7f1-4ad1-8752-f787b957950d,df66ebda-424a-4644-92e9-8ff34e3be56d,2025-11-11,6848,2025-10-24T04:49:27.361307+00:00
55,79203c89-32f4-4e37-93f7-2e9c44704b23,c96034fb-d762-460a-a5a8-48829c121c1c,ae06a7d9-3a3c-4886-bbb2-61c275650128,2025-09-14,5399,2025-08-21T17:10:22.451743+00:00
56,b7052165-253e-4852-af4b-373e2691afcf,4c86c598-d7f1-4ad1-8752-f787b957950d,df66ebda-424a-4644-92e9-8ff34e3be56d,2025-11-19,6499,2025-10-24T04:49:27.988966+00:00
57,6c3e53db-cdcb-4cdd-84e5-036ae169fc77,c96034fb-d762-460a-a5a8-48829c121c1c,ae06a7d9-3a3c-4886-bbb2-61c275650128,2025-09-15,5399,2025-08-21T17:10:22.608357+00:00
58,96ba8080-1ba2-4a73-a033-1d717d62032b,4c86c598-d7f1-4ad1-8752-f787b957950d,ae06a7d9-3a3c-4886-bbb2-61c275650128,2025-10-24,6877,2025-10-24T04:49:28.948641+00:00
59,9b6b57ce-102a-4862-a12b-ed0397a43537,c96034fb-d762-460a-a5a8-48829c121c1c,ae06a7d9-3a3c-4886-bbb2-61c275650128,2025-09-16,5399,2025-08-21T17:10:22.808191+00:00
60,fbbf81c6-46d7-47ba-ba74-20be375140e0,4c86c598-d7f1-4ad1-8752-f787b957950d,4e9b1741-6fd4-47ef-ad87-3faff6bd6e40,2025-10-30,7094,2025-10-24T04:49:30.074548+00:00
61,c8b2e5fc-8275-47fd-acae-389160888ac7,c96034fb-d762-460a-a5a8-48829c121c1c,ae06a7d9-3a3c-4886-bbb2-61c275650128,2025-09-17,5399,2025-08-21T17:10:22.968419+00:00
62,d7dad527-acb2-446f-b44b-f1f5797fa8f4,1213a742-5121-4c1e-b2f8-6be2a05e31e2,df66ebda-424a-4644-92e9-8ff34e3be56d,2025-11-14,4599,2025-10-24T04:49:32.987576+00:00
63,b05ead3e-3d2e-4e2b-adf7-9971c9ca507c,c96034fb-d762-460a-a5a8-48829c121c1c,ae06a7d9-3a3c-4886-bbb2-61c275650128,2025-09-18,5399,2025-08-21T17:10:23.143247+00:00
64,3ec7ac14-e059-4923-a5e3-60c9576d22a6,248c6414-538b-41de-820c-e45a78dd2057,4e9b1741-6fd4-47ef-ad87-3faff6bd6e40,2025-10-25,10452,2025-10-24T04:49:41.218231+00:00
65,3a90eb10-dca5-4488-9b42-e4cd0336617e,c96034fb-d762-460a-a5a8-48829c121c1c,ae06a7d9-3a3c-4886-bbb2-61c275650128,2025-09-19,5399,2025-08-21T17:10:23.305687+00:00
66,e83dfed5-537f-401b-a243-bb4730abd03c,248c6414-538b-41de-820c-e45a78dd2057,df66ebda-424a-4644-92e9-8ff34e3be56d,2025-10-25,17900,2025-10-24T04:49:44.666399+00:00
67,a32d1dbd-8e2b-4da8-9c3e-57d4580fe2ba,c96034fb-d762-460a-a5a8-48829c121c1c,ae06a7d9-3a3c-4886-bbb2-61c275650128,2025-09-20,5399,2025-08-21T17:10:23.46739+00:00
68,37fcbc8d-0523-41ba-959d-74472a7dae1d,248c6414-538b-41de-820c-e45a78dd2057,df66ebda-424a-4644-92e9-8ff34e3be56d,2025-10-27,14588,2025-10-24T04:49:44.876772+00:00
69,bd708845-8c12-4576-ad8e-fd628963db1e,c96034fb-d762-460a-a5a8-48829c121c1c,ae06a7d9-3a3c-4886-bbb2-61c275650128,2025-09-21,5683,2025-08-21T17:10:23.622609+00:00
70,a6b77f7e-5b4c-4a97-80ea-1c0ffcea9775,248c6414-538b-41de-820c-e45a78dd2057,df66ebda-424a-4644-92e9-8ff34e3be56d,2025-11-12,10494,2025-10-24T04:49:46.233857+00:00
71,297c218d-8e15-4086-ba1e-7323019d1b54,c96034fb-d762-460a-a5a8-48829c121c1c,ae06a7d9-3a3c-4886-bbb2-61c275650128,2025-09-22,5683,2025-08-21T17:10:23.773442+00:00
72,243937dc-5f08-4132-a12c-ca438eb5783b,c96034fb-d762-460a-a5a8-48829c121c1c,ae06a7d9-3a3c-4886-bbb2-61c275650128,2025-09-23,5683,2025-08-21T17:10:23.943983+00:00
73,e2394432-0ec1-4be2-b9ff-a916902605b7,c96034fb-d762-460a-a5a8-48829c121c1c,ae06a7d9-3a3c-4886-bbb2-61c275650128,2025-09-24,5683,2025-08-21T17:10:24.116856+00:00
74,a71b2c7e-ccd1-4095-b1c9-70acf219571c,c96034fb-d762-460a-a5a8-48829c121c1c,ae06a7d9-3a3c-4886-bbb2-61c275650128,2025-09-25,5683,2025-08-21T17:10:24.288733+00:00
75,a22db104-8823-4302-9e41-942beb368784,c96034fb-d762-460a-a5a8-48829c121c1c,ae06a7d9-3a3c-4886-bbb2-61c275650128,2025-09-26,5683,2025-08-21T17:10:24.441497+00:00
76,2def01cc-269a-4942-9e98-4e4b6e05481f,c96034fb-d762-460a-a5a8-48829c121c1c,ae06a7d9-3a3c-4886-bbb2-61c275650128,2025-09-27,5683,2025-08-21T17:10:24.599503+00:00
77,65140071-e1cc-43c5-b86b-c72afd6778e7,c96034fb-d762-460a-a5a8-48829c121c1c,ae06a7d9-3a3c-4886-bbb2-61c275650128,2025-09-28,5683,2025-08-21T17:10:24.764156+00:00
78,dd15942f-1e32-4bf3-a516-0f95b3482ae9,c96034fb-d762-460a-a5a8-48829c121c1c,ae06a7d9-3a3c-4886-bbb2-61c275650128,2025-09-29,5683,2025-08-21T17:10:24.922386+00:00
79,0b4a274f-521d-4ad9-af52-bfde181611cf,c96034fb-d762-460a-a5a8-48829c121c1c,ae06a7d9-3a3c-4886-bbb2-61c275650128,2025-09-30,5683,2025-08-21T17:10:25.088265+00:00
80,c1baa3b8-c6c6-4301-b4e0-8700efbd55ce,248c6414-538b-41de-820c-e45a78dd2057,df66ebda-424a-4644-92e9-8ff34e3be56d,2025-11-23,13485,2025-10-24T04:49:46.589446+00:00
81,5e074976-c134-43a7-8e5f-26881c12f852,1cbf0f58-1cba-46d8-8eec-f9c0ec5acd1f,4e9b1741-6fd4-47ef-ad87-3faff6bd6e40,2025-10-30,5562,2025-10-24T04:46:39.548253+00:00
82,3a41f565-c508-4ac4-9fde-57750c6bd25a,1cbf0f58-1cba-46d8-8eec-f9c0ec5acd1f,df66ebda-424a-4644-92e9-8ff34e3be56d,2025-11-21,7270,2025-10-24T04:46:40.207022+00:00
83,8445597e-eb22-455e-b837-3dc73b3a1a78,d273f27f-8909-49ed-844b-0c94907e6710,ae06a7d9-3a3c-4886-bbb2-61c275650128,2025-08-23,3499,2025-08-21T17:15:04.576371+00:00
84,ef0e2892-504e-4b63-a55c-5e8253eacd8b,d273f27f-8909-49ed-844b-0c94907e6710,ae06a7d9-3a3c-4886-bbb2-61c275650128,2025-08-25,3499,2025-08-21T17:15:05.048641+00:00
85,d2ff3a81-0b5a-4d0d-a0a2-b58a759a2d49,8dc99465-1d7f-4bab-87d0-43263d95f675,ae06a7d9-3a3c-4886-bbb2-61c275650128,2025-09-01,4798,2025-08-26T15:15:54.27787+00:00
86,7ed79ec2-0530-4e60-b831-72abeb193e1e,8dc99465-1d7f-4bab-87d0-43263d95f675,ae06a7d9-3a3c-4886-bbb2-61c275650128,2025-09-05,3923,2025-08-26T15:15:54.702028+00:00
87,947e2769-4d73-46d1-a9c4-9c9bd338d693,8dc99465-1d7f-4bab-87d0-43263d95f675,ae06a7d9-3a3c-4886-bbb2-61c275650128,2025-09-07,3923,2025-08-26T15:15:54.9952+00:00
88,c0b9b4c0-7190-444f-ba64-8e9d72d8ba91,8dc99465-1d7f-4bab-87d0-43263d95f675,ae06a7d9-3a3c-4886-bbb2-61c275650128,2025-09-11,3923,2025-08-26T15:15:55.442031+00:00
89,a5cc7a41-b5a6-4df4-b9eb-f3475a7c1ef7,8dc99465-1d7f-4bab-87d0-43263d95f675,ae06a7d9-3a3c-4886-bbb2-61c275650128,2025-09-19,5924,2025-08-26T15:15:56.220962+00:00
90,6de14183-af45-4941-9bda-3028ac83f356,8dc99465-1d7f-4bab-87d0-43263d95f675,ae06a7d9-3a3c-4886-bbb2-61c275650128,2025-09-23,6595,2025-08-26T15:15:56.603703+00:00
91,faf95fde-3a9b-488b-a57b-d443767bce59,8dc99465-1d7f-4bab-87d0-43263d95f675,ae06a7d9-3a3c-4886-bbb2-61c275650128,2025-09-25,7342,2025-08-26T15:15:56.783787+00:00
92,58daea59-cd49-4244-a0e2-ab7fcac1d958,f9bdd1af-e54d-41bb-b0c1-b5ec8b932420,ae06a7d9-3a3c-4886-bbb2-61c275650128,2025-08-26,7276,2025-08-26T15:16:03.521263+00:00
93,58a8dd2b-864b-4b69-a6b1-0faf7b486c99,f9bdd1af-e54d-41bb-b0c1-b5ec8b932420,4e9b1741-6fd4-47ef-ad87-3faff6bd6e40,2025-08-27,5114,2025-08-26T15:16:03.635734+00:00
94,132f9416-4904-4c78-820b-dcaa488d1fb0,1cbf0f58-1cba-46d8-8eec-f9c0ec5acd1f,ae06a7d9-3a3c-4886-bbb2-61c275650128,2025-10-25,5387,2025-10-24T04:47:18.85046+00:00
95,2d40b365-4be9-4d05-bfe7-4a56c4841a2d,f9bdd1af-e54d-41bb-b0c1-b5ec8b932420,4e9b1741-6fd4-47ef-ad87-3faff6bd6e40,2025-08-29,6001,2025-08-26T15:16:03.89468+00:00
96,0a4666f5-c66d-4962-93aa-a1fe22cb5585,d947b640-2157-43a7-b48a-b8c24d4807b3,df66ebda-424a-4644-92e9-8ff34e3be56d,2025-10-25,6819,2025-10-24T04:47:23.876653+00:00
97,c140a0d0-08f8-4b30-8f73-de9114d6dc65,d947b640-2157-43a7-b48a-b8c24d4807b3,df66ebda-424a-4644-92e9-8ff34e3be56d,2025-10-29,4664,2025-10-24T04:47:24.028412+00:00
98,931141c1-2bb0-408c-86b5-4a2fd74d23a8,d947b640-2157-43a7-b48a-b8c24d4807b3,df66ebda-424a-4644-92e9-8ff34e3be56d,2025-11-04,4264,2025-10-24T04:47:24.260475+00:00
99,d2943c71-f294-4b32-8a0d-37489fe3f172,d947b640-2157-43a7-b48a-b8c24d4807b3,df66ebda-424a-4644-92e9-8ff34e3be56d,2025-11-06,4109,2025-10-24T04:47:24.348749+00:00
100,7e0bb203-635c-4355-86a3-97d8f691483b,d947b640-2157-43a7-b48a-b8c24d4807b3,df66ebda-424a-4644-92e9-8ff34e3be56d,2025-11-16,4040,2025-10-24T04:47:24.712971+00:00
101,36e425c2-85c5-4154-9630-0382f006187a,d947b640-2157-43a7-b48a-b8c24d4807b3,ae06a7d9-3a3c-4886-bbb2-61c275650128,2025-10-25,5990,2025-10-24T04:47:30.119764+00:00
102,56af2f3a-6c0a-49cf-97fd-de3191d1a61d,81cb3285-717e-457e-adf7-839e1c2a7fee,df66ebda-424a-4644-92e9-8ff34e3be56d,2025-10-25,4685,2025-10-24T04:47:35.24477+00:00
103,d74db932-9370-43d6-812e-97c2d6805027,81cb3285-717e-457e-adf7-839e1c2a7fee,ae06a7d9-3a3c-4886-bbb2-61c275650128,2025-10-24,5118,2025-10-24T04:47:51.899635+00:00
104,a5fd0fbb-5bd8-435e-8891-476e3439d368,81cb3285-717e-457e-adf7-839e1c2a7fee,ae06a7d9-3a3c-4886-bbb2-61c275650128,2025-10-25,4260,2025-10-24T04:47:51.942872+00:00
105,5296ddf0-e3c2-4649-9cde-1274a36fc5e9,81cb3285-717e-457e-adf7-839e1c2a7fee,4e9b1741-6fd4-47ef-ad87-3faff6bd6e40,2025-10-26,8146,2025-10-24T04:47:54.844388+00:00
106,5788057c-7b01-4ee4-866b-32061c11bf75,81cb3285-717e-457e-adf7-839e1c2a7fee,4e9b1741-6fd4-47ef-ad87-3faff6bd6e40,2025-10-30,2999,2025-10-24T04:47:55.022276+00:00
107,5dbedab8-9aee-450b-8398-cf9aa4d06c5c,f95680ab-0056-4d17-b6bf-312b5b51e017,4e9b1741-6fd4-47ef-ad87-3faff6bd6e40,2025-10-25,4499,2025-10-24T04:47:57.753705+00:00
108,be6749ff-d019-4c28-a26e-6dce55038c50,7ca7acd0-4f97-47b7-aceb-4b2c72fc8114,ae06a7d9-3a3c-4886-bbb2-61c275650128,2025-08-26,20290,2025-08-26T15:16:15.237835+00:00
109,051772b3-785d-4aff-9686-8a15bdef8a0a,7ca7acd0-4f97-47b7-aceb-4b2c72fc8114,4e9b1741-6fd4-47ef-ad87-3faff6bd6e40,2025-08-26,8889,2025-08-26T15:16:15.677099+00:00
110,3b115a2f-e2bf-4b8a-954a-a033780704f6,7ca7acd0-4f97-47b7-aceb-4b2c72fc8114,4e9b1741-6fd4-47ef-ad87-3faff6bd6e40,2025-09-01,5635,2025-08-26T15:16:16.453848+00:00
111,33b33bcd-5235-4512-9de1-c6f11c6a20eb,7ca7acd0-4f97-47b7-aceb-4b2c72fc8114,ae06a7d9-3a3c-4886-bbb2-61c275650128,2025-09-22,5530,2025-08-26T15:16:18.362399+00:00
112,6a58bb76-0298-42b3-8034-004e3aa67fac,7ca7acd0-4f97-47b7-aceb-4b2c72fc8114,ae06a7d9-3a3c-4886-bbb2-61c275650128,2025-09-26,5530,2025-08-26T15:16:18.762021+00:00
113,4bcce35a-0af0-43c8-9149-4c87fe538200,8dc99465-1d7f-4bab-87d0-43263d95f675,ae06a7d9-3a3c-4886-bbb2-61c275650128,2025-08-30,5965,2025-08-30T06:06:40.513293+00:00
114,12058810-d85e-4330-b7e4-fd74fb2a868c,8dc99465-1d7f-4bab-87d0-43263d95f675,ae06a7d9-3a3c-4886-bbb2-61c275650128,2025-09-01,4631,2025-08-30T06:06:40.842393+00:00
115,623f232e-a2f5-4670-9a45-bd719a5bcd45,8dc99465-1d7f-4bab-87d0-43263d95f675,ae06a7d9-3a3c-4886-bbb2-61c275650128,2025-09-05,4631,2025-08-30T06:06:41.554317+00:00
116,317d2425-029c-410d-8251-78b22a6852de,8dc99465-1d7f-4bab-87d0-43263d95f675,4e9b1741-6fd4-47ef-ad87-3faff6bd6e40,2025-08-30,4625,2025-08-30T06:06:41.689198+00:00
117,50cad78b-69d2-4f59-8906-2d37ca980879,8dc99465-1d7f-4bab-87d0-43263d95f675,ae06a7d9-3a3c-4886-bbb2-61c275650128,2025-09-07,4631,2025-08-30T06:06:41.848125+00:00
118,2c794e37-bb50-490d-8d5b-a1d775348624,8dc99465-1d7f-4bab-87d0-43263d95f675,ae06a7d9-3a3c-4886-bbb2-61c275650128,2025-09-08,4631,2025-08-30T06:06:41.978247+00:00
119,4b7ece74-0308-4bd5-9894-4dd62e2ed6ca,8dc99465-1d7f-4bab-87d0-43263d95f675,4e9b1741-6fd4-47ef-ad87-3faff6bd6e40,2025-09-02,4625,2025-08-30T06:06:42.157663+00:00
120,0a0c3db4-4e94-4324-aaf0-10f39af6c3e6,8dc99465-1d7f-4bab-87d0-43263d95f675,4e9b1741-6fd4-47ef-ad87-3faff6bd6e40,2025-09-04,4625,2025-08-30T06:06:42.536911+00:00
121,c1872564-b186-4f3c-8608-8ab82dd5d274,8dc99465-1d7f-4bab-87d0-43263d95f675,4e9b1741-6fd4-47ef-ad87-3faff6bd6e40,2025-09-05,5045,2025-08-30T06:06:42.658815+00:00
122,f84ad87c-a461-4af6-8470-a7bcb28c4d6f,8dc99465-1d7f-4bab-87d0-43263d95f675,ae06a7d9-3a3c-4886-bbb2-61c275650128,2025-09-18,4631,2025-08-30T06:06:43.38+00:00
123,0012f8c6-044c-4efb-9c39-134c67d8f475,8dc99465-1d7f-4bab-87d0-43263d95f675,ae06a7d9-3a3c-4886-bbb2-61c275650128,2025-09-22,5438,2025-08-30T06:06:43.792035+00:00
124,8f189159-ac7e-435a-aee6-120e4e0fd3b3,8dc99465-1d7f-4bab-87d0-43263d95f675,ae06a7d9-3a3c-4886-bbb2-61c275650128,2025-09-24,5973,2025-08-30T06:06:44.000408+00:00
125,52421d28-c35c-4e67-ba83-f89d112b6263,8dc99465-1d7f-4bab-87d0-43263d95f675,ae06a7d9-3a3c-4886-bbb2-61c275650128,2025-09-26,8812,2025-08-30T06:06:44.196307+00:00
126,d72ba9fa-9b55-4518-a99a-d965ad659c68,8dc99465-1d7f-4bab-87d0-43263d95f675,ae06a7d9-3a3c-4886-bbb2-61c275650128,2025-09-28,8392,2025-08-30T06:06:44.405955+00:00
127,b941930a-7af5-4fcc-a298-0fd1d4d02be8,8dc99465-1d7f-4bab-87d0-43263d95f675,ae06a7d9-3a3c-4886-bbb2-61c275650128,2025-09-30,5973,2025-08-30T06:06:44.614642+00:00
128,f4294b29-b577-4c46-b2ca-092fc93ee9bc,f95680ab-0056-4d17-b6bf-312b5b51e017,df66ebda-424a-4644-92e9-8ff34e3be56d,2025-11-11,4226,2025-10-24T04:47:59.602898+00:00
129,a79834d2-12f2-4c59-bbb6-8bd760bd0c0f,f95680ab-0056-4d17-b6bf-312b5b51e017,ae06a7d9-3a3c-4886-bbb2-61c275650128,2025-10-24,4844,2025-10-24T04:48:19.113263+00:00
130,ff29c49c-beb0-4974-a1c8-f39f04d1590d,f95680ab-0056-4d17-b6bf-312b5b51e017,ae06a7d9-3a3c-4886-bbb2-61c275650128,2025-10-26,4694,2025-10-24T04:48:19.274292+00:00
131,96de6ae8-f9d1-4fd2-aede-50f0ba61c1dc,018826e7-9fff-464d-b3ab-3f98a4f66e53,ae06a7d9-3a3c-4886-bbb2-61c275650128,2025-10-24,5986,2025-10-24T04:48:26.798201+00:00
132,93812657-6984-4575-830f-5f8b7ace8d8b,018826e7-9fff-464d-b3ab-3f98a4f66e53,ae06a7d9-3a3c-4886-bbb2-61c275650128,2025-11-01,7876,2025-10-24T04:48:27.571667+00:00
133,176ac417-a787-4e4d-bd8a-7c371a8784cf,018826e7-9fff-464d-b3ab-3f98a4f66e53,4e9b1741-6fd4-47ef-ad87-3faff6bd6e40,2025-10-30,7691,2025-10-24T04:48:37.705506+00:00
134,9faefac3-1ab5-4734-bdbb-4f11b4663114,1a13131b-9d3b-463a-9510-c5f147e7394b,ae06a7d9-3a3c-4886-bbb2-61c275650128,2025-10-25,8207,2025-10-24T04:48:41.90078+00:00
135,22c8cd51-456f-494b-8538-4fc734ca17ae,1a13131b-9d3b-463a-9510-c5f147e7394b,ae06a7d9-3a3c-4886-bbb2-61c275650128,2025-11-04,5593,2025-10-24T04:48:42.940326+00:00
136,24e13fe3-2293-490c-af06-7af1e09f8117,1a13131b-9d3b-463a-9510-c5f147e7394b,ae06a7d9-3a3c-4886-bbb2-61c275650128,2025-11-08,5756,2025-10-24T04:48:43.22681+00:00
137,6d997259-dee5-42ef-9b9b-d9ed5e9d3631,1a13131b-9d3b-463a-9510-c5f147e7394b,4e9b1741-6fd4-47ef-ad87-3faff6bd6e40,2025-10-25,10497,2025-10-24T04:48:47.940762+00:00
138,b0c018e1-66eb-4048-beec-42419ac2ed93,d2e482af-cddf-493a-ba4a-151d68dab915,ae06a7d9-3a3c-4886-bbb2-61c275650128,2025-10-24,14956,2025-10-24T04:49:06.375912+00:00
139,c8d463cf-6cdf-4f60-b705-9b29d08b8cf1,45b9757b-26ec-4382-996d-cd15827092d0,df66ebda-424a-4644-92e9-8ff34e3be56d,2025-10-28,11494,2025-10-24T04:49:18.567038+00:00
140,c1c7ed9b-e400-4e84-afdc-afd60deea9e4,f9bdd1af-e54d-41bb-b0c1-b5ec8b932420,4e9b1741-6fd4-47ef-ad87-3faff6bd6e40,2025-09-03,6080,2025-08-30T06:07:02.989688+00:00
141,9b084333-2926-407f-99c7-b2dd2b3538a1,f9bdd1af-e54d-41bb-b0c1-b5ec8b932420,4e9b1741-6fd4-47ef-ad87-3faff6bd6e40,2025-09-04,7340,2025-08-30T06:07:03.09809+00:00
142,8bc9fc02-6262-4893-a26a-114c15578aea,f9bdd1af-e54d-41bb-b0c1-b5ec8b932420,4e9b1741-6fd4-47ef-ad87-3faff6bd6e40,2025-09-05,5791,2025-08-30T06:07:03.210641+00:00
143,70cf03f4-0b68-46e9-ab95-b506b1dd71cc,f9bdd1af-e54d-41bb-b0c1-b5ec8b932420,ae06a7d9-3a3c-4886-bbb2-61c275650128,2025-09-27,5483,2025-08-30T06:07:03.83171+00:00
144,c5150e09-0bb8-4d21-9abc-a13d001c6fe2,f9bdd1af-e54d-41bb-b0c1-b5ec8b932420,ae06a7d9-3a3c-4886-bbb2-61c275650128,2025-09-29,5483,2025-08-30T06:07:04.0344+00:00
145,50f5ffee-913c-4055-9609-bc9141656a56,7ca7acd0-4f97-47b7-aceb-4b2c72fc8114,4e9b1741-6fd4-47ef-ad87-3faff6bd6e40,2025-08-30,5319,2025-08-30T06:07:05.850122+00:00
146,17b087ae-659e-4381-81be-285b83a3d342,7ca7acd0-4f97-47b7-aceb-4b2c72fc8114,4e9b1741-6fd4-47ef-ad87-3faff6bd6e40,2025-09-01,5319,2025-08-30T06:07:06.073265+00:00
147,4ad66680-27cd-4f80-80e4-88f99d25c06e,7ca7acd0-4f97-47b7-aceb-4b2c72fc8114,4e9b1741-6fd4-47ef-ad87-3faff6bd6e40,2025-09-03,5319,2025-08-30T06:07:06.320584+00:00
148,332a5123-e7f2-4b11-931e-cbfd5b72c2c1,7ca7acd0-4f97-47b7-aceb-4b2c72fc8114,4e9b1741-6fd4-47ef-ad87-3faff6bd6e40,2025-09-05,6317,2025-08-30T06:07:06.585976+00:00
149,622ee9be-36dd-4dbb-b594-d6cfb090c66e,45b9757b-26ec-4382-996d-cd15827092d0,df66ebda-424a-4644-92e9-8ff34e3be56d,2025-10-31,7915,2025-10-24T04:49:18.887701+00:00
150,3cfa480a-b322-4784-acf3-acf834751771,45b9757b-26ec-4382-996d-cd15827092d0,df66ebda-424a-4644-92e9-8ff34e3be56d,2025-11-13,6083,2025-10-24T04:49:20.041707+00:00
151,5506acdf-a42a-4905-a786-5c35675ee5b6,4c86c598-d7f1-4ad1-8752-f787b957950d,df66ebda-424a-4644-92e9-8ff34e3be56d,2025-10-25,7012,2025-10-24T04:49:25.754921+00:00
152,c61dc709-a851-4226-b236-a833a83f5c8f,4c86c598-d7f1-4ad1-8752-f787b957950d,df66ebda-424a-4644-92e9-8ff34e3be56d,2025-10-27,7012,2025-10-24T04:49:25.933113+00:00
153,901cf055-2d75-4214-ad71-65d8e934a0a9,4c86c598-d7f1-4ad1-8752-f787b957950d,df66ebda-424a-4644-92e9-8ff34e3be56d,2025-11-10,6848,2025-10-24T04:49:27.262713+00:00
154,c0d4f865-043c-44c9-a002-63670a08a173,4c86c598-d7f1-4ad1-8752-f787b957950d,df66ebda-424a-4644-92e9-8ff34e3be56d,2025-11-12,7012,2025-10-24T04:49:27.466719+00:00
155,930e3e70-f54f-48ce-8936-f6435f1a1f44,4c86c598-d7f1-4ad1-8752-f787b957950d,df66ebda-424a-4644-92e9-8ff34e3be56d,2025-11-14,7182,2025-10-24T04:49:27.669286+00:00
156,ca62db70-3d94-4d20-81f0-f7c2c85ed117,4c86c598-d7f1-4ad1-8752-f787b957950d,4e9b1741-6fd4-47ef-ad87-3faff6bd6e40,2025-10-24,7094,2025-10-24T04:49:29.793378+00:00
157,3062abc1-4e6a-4836-8dde-0d5716729203,1213a742-5121-4c1e-b2f8-6be2a05e31e2,df66ebda-424a-4644-92e9-8ff34e3be56d,2025-10-24,5168,2025-10-24T04:49:32.233928+00:00
158,18178980-a047-4a8e-9fd6-5a780a0650ff,1213a742-5121-4c1e-b2f8-6be2a05e31e2,df66ebda-424a-4644-92e9-8ff34e3be56d,2025-11-01,6121,2025-10-24T04:49:32.517335+00:00
159,bb4d9ca6-9d49-4e1d-9597-a3ec511ab898,1213a742-5121-4c1e-b2f8-6be2a05e31e2,df66ebda-424a-4644-92e9-8ff34e3be56d,2025-11-11,5491,2025-10-24T04:49:32.884156+00:00
160,8f585b0b-ae27-4d13-be97-37ad4db3b5e3,248c6414-538b-41de-820c-e45a78dd2057,df66ebda-424a-4644-92e9-8ff34e3be56d,2025-10-24,9663,2025-10-24T04:49:44.57618+00:00
161,93973985-8e00-4108-bf52-080ab1489566,248c6414-538b-41de-820c-e45a78dd2057,df66ebda-424a-4644-92e9-8ff34e3be56d,2025-10-26,23973,2025-10-24T04:49:44.771886+00:00
162,bf0baa01-4bdc-4173-b68d-a1f481f46688,248c6414-538b-41de-820c-e45a78dd2057,df66ebda-424a-4644-92e9-8ff34e3be56d,2025-10-28,16203,2025-10-24T04:49:44.975+00:00
163,6629d734-b28e-477e-8f59-4a540657aa3d,d273f27f-8909-49ed-844b-0c94907e6710,ae06a7d9-3a3c-4886-bbb2-61c275650128,2025-08-22,3649,2025-08-21T17:15:04.388923+00:00
164,c4bcfa1a-fe91-40ab-a87e-6cc06ddb7a32,d273f27f-8909-49ed-844b-0c94907e6710,ae06a7d9-3a3c-4886-bbb2-61c275650128,2025-08-24,3499,2025-08-21T17:15:04.786876+00:00
165,f712bb23-92f9-4c7e-96e7-5a434eb70ee6,248c6414-538b-41de-820c-e45a78dd2057,df66ebda-424a-4644-92e9-8ff34e3be56d,2025-11-11,10494,2025-10-24T04:49:46.202424+00:00
166,4b979dfc-80b2-41b1-aa33-59ed22cc376a,f9bdd1af-e54d-41bb-b0c1-b5ec8b932420,ae06a7d9-3a3c-4886-bbb2-61c275650128,2025-08-23,5352,2025-08-21T17:26:11.555216+00:00
167,1946d864-92cb-470c-90e4-d75cf6bf11d5,f9bdd1af-e54d-41bb-b0c1-b5ec8b932420,4e9b1741-6fd4-47ef-ad87-3faff6bd6e40,2025-08-24,8175,2025-08-21T17:26:12.070176+00:00
168,3bb1086d-d314-4117-838f-f08e065ea094,f9bdd1af-e54d-41bb-b0c1-b5ec8b932420,ae06a7d9-3a3c-4886-bbb2-61c275650128,2025-08-31,4549,2025-08-21T17:26:12.857083+00:00
169,cd0c4d75-e7c9-4a5b-9756-97b1c2e326a8,f9bdd1af-e54d-41bb-b0c1-b5ec8b932420,ae06a7d9-3a3c-4886-bbb2-61c275650128,2025-09-01,4749,2025-08-21T17:26:13.034656+00:00
170,e9500c7f-e87e-43f5-8902-b728ce9a0d38,248c6414-538b-41de-820c-e45a78dd2057,df66ebda-424a-4644-92e9-8ff34e3be56d,2025-11-22,11324,2025-10-24T04:49:46.54349+00:00
171,f8d69006-873d-4bb4-9425-04079fa1486c,f9bdd1af-e54d-41bb-b0c1-b5ec8b932420,ae06a7d9-3a3c-4886-bbb2-61c275650128,2025-09-02,4749,2025-08-21T17:26:13.190663+00:00
172,85a36532-228f-4b0c-ba1b-d62a5cd1f45f,f9bdd1af-e54d-41bb-b0c1-b5ec8b932420,ae06a7d9-3a3c-4886-bbb2-61c275650128,2025-09-03,4749,2025-08-21T17:26:13.346743+00:00
173,5729be88-2e0c-45d6-82f2-82906979fd7a,f9bdd1af-e54d-41bb-b0c1-b5ec8b932420,ae06a7d9-3a3c-4886-bbb2-61c275650128,2025-09-04,4749,2025-08-21T17:26:13.509775+00:00
174,498f7bcf-0754-4bf6-98bf-32884c3c1ab9,f9bdd1af-e54d-41bb-b0c1-b5ec8b932420,ae06a7d9-3a3c-4886-bbb2-61c275650128,2025-09-05,4749,2025-08-21T17:26:13.676914+00:00
175,e7d3e8a7-9256-4e83-8c01-26a6f440b96b,f9bdd1af-e54d-41bb-b0c1-b5ec8b932420,ae06a7d9-3a3c-4886-bbb2-61c275650128,2025-09-06,4749,2025-08-21T17:26:13.883612+00:00
176,64f779a6-a74b-4674-8b21-93713a928088,f9bdd1af-e54d-41bb-b0c1-b5ec8b932420,ae06a7d9-3a3c-4886-bbb2-61c275650128,2025-09-07,4749,2025-08-21T17:26:14.055895+00:00
177,61a39037-36e2-4ab7-a040-f1e9989cdfcb,248c6414-538b-41de-820c-e45a78dd2057,ae06a7d9-3a3c-4886-bbb2-61c275650128,2025-10-27,5828,2025-10-24T04:49:59.215004+00:00
178,2768475c-df6a-42e1-98fc-4f195d5cd333,f9bdd1af-e54d-41bb-b0c1-b5ec8b932420,ae06a7d9-3a3c-4886-bbb2-61c275650128,2025-09-08,4749,2025-08-21T17:26:14.213634+00:00
179,15d7cdf6-47a8-4e59-8ecd-fbfbff42b741,248c6414-538b-41de-820c-e45a78dd2057,ae06a7d9-3a3c-4886-bbb2-61c275650128,2025-10-29,6273,2025-10-24T04:49:59.312704+00:00
180,f5d68c0d-64b5-463c-9a85-ae45ddcde6ff,f9bdd1af-e54d-41bb-b0c1-b5ec8b932420,ae06a7d9-3a3c-4886-bbb2-61c275650128,2025-09-09,4749,2025-08-21T17:26:14.398471+00:00
181,2c7fdb2b-7262-469b-8f90-fe711583f194,248c6414-538b-41de-820c-e45a78dd2057,ae06a7d9-3a3c-4886-bbb2-61c275650128,2025-11-10,6273,2025-10-24T04:50:00.238164+00:00
182,7ed0e876-58ba-4e8c-9a99-84b1f239f429,f9bdd1af-e54d-41bb-b0c1-b5ec8b932420,ae06a7d9-3a3c-4886-bbb2-61c275650128,2025-09-10,4749,2025-08-21T17:26:14.55438+00:00
183,8dc40d69-e3f5-4ba8-a956-b775198d2140,f9bdd1af-e54d-41bb-b0c1-b5ec8b932420,ae06a7d9-3a3c-4886-bbb2-61c275650128,2025-09-11,4749,2025-08-21T17:26:14.714192+00:00
184,98d6914e-d5e3-4f08-aeed-e05b73f6ac22,248c6414-538b-41de-820c-e45a78dd2057,ae06a7d9-3a3c-4886-bbb2-61c275650128,2025-11-14,6273,2025-10-24T04:50:00.49564+00:00
185,2ef77621-d104-4de5-810d-1e276cb0b7b6,f9bdd1af-e54d-41bb-b0c1-b5ec8b932420,ae06a7d9-3a3c-4886-bbb2-61c275650128,2025-09-12,4749,2025-08-21T17:26:14.871477+00:00
186,f79bb23b-1629-456c-81b6-fb013f2ffc7b,248c6414-538b-41de-820c-e45a78dd2057,ae06a7d9-3a3c-4886-bbb2-61c275650128,2025-11-24,6589,2025-10-24T04:50:00.891435+00:00
187,88b099d8-995e-4764-9719-6849deb842ec,f9bdd1af-e54d-41bb-b0c1-b5ec8b932420,ae06a7d9-3a3c-4886-bbb2-61c275650128,2025-09-13,4749,2025-08-21T17:26:15.025638+00:00
188,259a7686-7f52-44b0-b234-0e58aef338d0,0fda54ea-aed0-45b6-966e-ee23bee9bb89,ae06a7d9-3a3c-4886-bbb2-61c275650128,2025-10-25,13834,2025-10-24T04:50:05.658875+00:00
189,304b5f9a-b23e-4def-a156-fa19df950e3d,f9bdd1af-e54d-41bb-b0c1-b5ec8b932420,ae06a7d9-3a3c-4886-bbb2-61c275650128,2025-09-14,4749,2025-08-21T17:26:15.184799+00:00
190,3c20c561-0b47-45bc-819b-55f7df152918,0fda54ea-aed0-45b6-966e-ee23bee9bb89,ae06a7d9-3a3c-4886-bbb2-61c275650128,2025-10-27,17985,2025-10-24T04:50:05.803008+00:00
191,f13b8360-3db1-45ff-b570-5af69fbdb8c3,f9bdd1af-e54d-41bb-b0c1-b5ec8b932420,ae06a7d9-3a3c-4886-bbb2-61c275650128,2025-09-15,4749,2025-08-21T17:26:15.339389+00:00
192,87ba42cc-ab9b-4710-ab0a-bec575c9f741,0fda54ea-aed0-45b6-966e-ee23bee9bb89,ae06a7d9-3a3c-4886-bbb2-61c275650128,2025-10-30,9068,2025-10-24T04:50:06.068974+00:00
193,b66dbfbe-582f-4360-a1ee-d60be365b01d,f9bdd1af-e54d-41bb-b0c1-b5ec8b932420,ae06a7d9-3a3c-4886-bbb2-61c275650128,2025-09-16,4749,2025-08-21T17:26:15.493729+00:00
194,6d380ce2-4aac-41aa-bb47-a6ef4fa907a1,0fda54ea-aed0-45b6-966e-ee23bee9bb89,df66ebda-424a-4644-92e9-8ff34e3be56d,2025-11-09,5486,2025-10-24T04:50:06.849729+00:00
195,328a4289-4224-4f05-8765-cce761743b69,f9bdd1af-e54d-41bb-b0c1-b5ec8b932420,ae06a7d9-3a3c-4886-bbb2-61c275650128,2025-09-17,4749,2025-08-21T17:26:15.645179+00:00
196,e2a0b5ba-90ce-42e1-9ba4-0e8c8c2e3d05,0fda54ea-aed0-45b6-966e-ee23bee9bb89,df66ebda-424a-4644-92e9-8ff34e3be56d,2025-11-16,5986,2025-10-24T04:50:07.098649+00:00
197,b099d95d-376a-4091-bec3-a8f90cb85f42,f9bdd1af-e54d-41bb-b0c1-b5ec8b932420,ae06a7d9-3a3c-4886-bbb2-61c275650128,2025-09-18,4749,2025-08-21T17:26:15.795197+00:00
198,d80cfbf4-0731-4707-8f61-45e7ea597ede,0fda54ea-aed0-45b6-966e-ee23bee9bb89,4e9b1741-6fd4-47ef-ad87-3faff6bd6e40,2025-10-25,14471,2025-10-24T04:50:12.221283+00:00
199,bdaff30c-319c-4d37-8c68-cc2c8bded7ec,f9bdd1af-e54d-41bb-b0c1-b5ec8b932420,ae06a7d9-3a3c-4886-bbb2-61c275650128,2025-09-19,4749,2025-08-21T17:26:15.956545+00:00
200,41669db6-4c9a-4404-8b03-142841c80c48,0fda54ea-aed0-45b6-966e-ee23bee9bb89,4e9b1741-6fd4-47ef-ad87-3faff6bd6e40,2025-10-27,14471,2025-10-24T04:50:12.431485+00:00
201,a333375b-2e82-41a8-b823-d875500cd4b1,f9bdd1af-e54d-41bb-b0c1-b5ec8b932420,ae06a7d9-3a3c-4886-bbb2-61c275650128,2025-09-20,4749,2025-08-21T17:26:16.129741+00:00
202,a47f30b1-9eba-4958-9a69-1e5c0d427715,0fda54ea-aed0-45b6-966e-ee23bee9bb89,4e9b1741-6fd4-47ef-ad87-3faff6bd6e40,2025-10-29,10953,2025-10-24T04:50:12.630017+00:00
203,5a467729-0429-4dcf-87d4-009f209de7e5,f9bdd1af-e54d-41bb-b0c1-b5ec8b932420,ae06a7d9-3a3c-4886-bbb2-61c275650128,2025-09-21,4749,2025-08-21T17:26:16.303321+00:00
204,9b65f371-3415-4213-b9f0-8bba15a31f5e,db09886d-1af6-4daa-81cb-c70ec0c36b4d,ae06a7d9-3a3c-4886-bbb2-61c275650128,2025-10-24,7285,2025-10-24T04:50:17.36131+00:00
205,1118842a-e447-431d-8a47-c6fc07818295,db09886d-1af6-4daa-81cb-c70ec0c36b4d,ae06a7d9-3a3c-4886-bbb2-61c275650128,2025-10-26,8764,2025-10-24T04:50:17.492538+00:00
206,5aa3093f-369e-40d2-b5f7-7bafab367c1b,db09886d-1af6-4daa-81cb-c70ec0c36b4d,ae06a7d9-3a3c-4886-bbb2-61c275650128,2025-10-28,8142,2025-10-24T04:50:17.722208+00:00
207,cf812460-0e73-46cb-855b-f745c0bdaa8d,db09886d-1af6-4daa-81cb-c70ec0c36b4d,ae06a7d9-3a3c-4886-bbb2-61c275650128,2025-11-24,6744,2025-10-24T04:50:19.474993+00:00
208,0a44a3de-26e9-4e03-9615-06a091b338cb,db09886d-1af6-4daa-81cb-c70ec0c36b4d,df66ebda-424a-4644-92e9-8ff34e3be56d,2025-11-19,5998,2025-10-24T04:50:20.492996+00:00
209,88915649-dc3c-4a04-b6f1-2ac960cf0ff5,db09886d-1af6-4daa-81cb-c70ec0c36b4d,4e9b1741-6fd4-47ef-ad87-3faff6bd6e40,2025-10-24,17451,2025-10-24T04:50:38.079991+00:00
210,1588d3a5-b409-40fe-ae23-a6bda11952ff,db09886d-1af6-4daa-81cb-c70ec0c36b4d,4e9b1741-6fd4-47ef-ad87-3faff6bd6e40,2025-10-26,11151,2025-10-24T04:50:38.232143+00:00
211,c6e073ac-8154-47ad-8d0d-03bc6380cc99,db09886d-1af6-4daa-81cb-c70ec0c36b4d,4e9b1741-6fd4-47ef-ad87-3faff6bd6e40,2025-10-28,8525,2025-10-24T04:50:38.436882+00:00
212,fbedf2c0-e191-4147-a299-49d431d7a707,db09886d-1af6-4daa-81cb-c70ec0c36b4d,4e9b1741-6fd4-47ef-ad87-3faff6bd6e40,2025-10-30,7107,2025-10-24T04:50:38.648293+00:00
213,915ff62d-6289-424b-a83d-ed459dc2519c,db09886d-1af6-4daa-81cb-c70ec0c36b4d,4e9b1741-6fd4-47ef-ad87-3faff6bd6e40,2025-08-22,9899,2025-08-21T17:26:20.013443+00:00
214,c3f4b02c-9b60-4b33-8289-7a8241e0b8dc,db09886d-1af6-4daa-81cb-c70ec0c36b4d,4e9b1741-6fd4-47ef-ad87-3faff6bd6e40,2025-08-23,7957,2025-08-21T17:26:20.170973+00:00
215,fa84554b-9bd8-4345-9f1a-e8ccaecde47b,db09886d-1af6-4daa-81cb-c70ec0c36b4d,4e9b1741-6fd4-47ef-ad87-3faff6bd6e40,2025-08-24,11737,2025-08-21T17:26:20.417466+00:00
216,7d7f49cc-600d-4cfc-922c-640530698172,db09886d-1af6-4daa-81cb-c70ec0c36b4d,4e9b1741-6fd4-47ef-ad87-3faff6bd6e40,2025-08-25,7327,2025-08-21T17:26:20.62914+00:00
217,f7a63c42-2190-4be4-bc65-a6c109e32182,db09886d-1af6-4daa-81cb-c70ec0c36b4d,4e9b1741-6fd4-47ef-ad87-3faff6bd6e40,2025-08-26,7145,2025-08-21T17:26:20.787029+00:00
218,7f5b5f78-6324-45df-8779-f7e7a4f6b543,db09886d-1af6-4daa-81cb-c70ec0c36b4d,4e9b1741-6fd4-47ef-ad87-3faff6bd6e40,2025-08-27,5499,2025-08-21T17:26:20.937104+00:00
219,3d954491-b3d1-4182-8bd9-a885b55bd06d,6446326c-4400-4274-804f-8c61e487b251,ae06a7d9-3a3c-4886-bbb2-61c275650128,2025-10-31,6743,2025-10-24T04:50:42.629093+00:00
220,73d9960a-e982-478e-a49f-be3608c64a5d,6446326c-4400-4274-804f-8c61e487b251,ae06a7d9-3a3c-4886-bbb2-61c275650128,2025-11-02,6743,2025-10-24T04:50:43.040922+00:00
221,eedf8625-46cf-4b97-b1ab-fd6f7aa0b522,6446326c-4400-4274-804f-8c61e487b251,ae06a7d9-3a3c-4886-bbb2-61c275650128,2025-11-04,6743,2025-10-24T04:50:43.1879+00:00
222,2b7d1ed0-8ecc-44f1-92df-1aea05820192,6446326c-4400-4274-804f-8c61e487b251,ae06a7d9-3a3c-4886-bbb2-61c275650128,2025-11-06,6743,2025-10-24T04:50:43.312847+00:00
223,0d36ce76-b008-4920-8953-407892b3087e,c96034fb-d762-460a-a5a8-48829c121c1c,df66ebda-424a-4644-92e9-8ff34e3be56d,2025-10-24,6651,2025-10-24T04:50:50.028862+00:00
224,af4fd18d-78c3-4dd8-9449-552b11f8a9da,c96034fb-d762-460a-a5a8-48829c121c1c,ae06a7d9-3a3c-4886-bbb2-61c275650128,2025-10-25,8429,2025-10-24T04:50:51.196226+00:00
225,ff73d7a5-675c-4932-92fd-3a113d344314,c96034fb-d762-460a-a5a8-48829c121c1c,ae06a7d9-3a3c-4886-bbb2-61c275650128,2025-10-27,10109,2025-10-24T04:50:51.27784+00:00
226,dde9f8be-ef66-4076-ad64-dd16dc9a326a,3fd14c1f-3c99-4c36-9000-d2c278593f56,df66ebda-424a-4644-92e9-8ff34e3be56d,2025-10-26,8528,2025-10-24T04:51:01.628544+00:00
227,c486ff1a-4a57-41de-b2d8-b6f12578d077,3fd14c1f-3c99-4c36-9000-d2c278593f56,df66ebda-424a-4644-92e9-8ff34e3be56d,2025-10-28,7268,2025-10-24T04:51:01.888468+00:00
228,29e4cba9-995a-46e9-9f6e-c78c66eb1b16,3fd14c1f-3c99-4c36-9000-d2c278593f56,df66ebda-424a-4644-92e9-8ff34e3be56d,2025-11-05,4985,2025-10-24T04:51:02.712734+00:00
229,d84cfeda-69c5-410e-b35d-734dab8847ea,3fd14c1f-3c99-4c36-9000-d2c278593f56,df66ebda-424a-4644-92e9-8ff34e3be56d,2025-11-09,5775,2025-10-24T04:51:03.062067+00:00
230,3727e7bb-f8d8-4890-a7d4-821113bfb2b9,db09886d-1af6-4daa-81cb-c70ec0c36b4d,ae06a7d9-3a3c-4886-bbb2-61c275650128,2025-08-22,8024,2025-08-21T17:26:25.262184+00:00
231,0e273347-29ab-4ac6-8ed9-72fe4ae2d43d,3fd14c1f-3c99-4c36-9000-d2c278593f56,ae06a7d9-3a3c-4886-bbb2-61c275650128,2025-10-26,7330,2025-10-24T04:51:04.32446+00:00
232,7332f5eb-8217-47b2-9339-02d37f5a095f,db09886d-1af6-4daa-81cb-c70ec0c36b4d,ae06a7d9-3a3c-4886-bbb2-61c275650128,2025-08-23,6645,2025-08-21T17:26:25.416847+00:00
233,a7134fa9-8786-4d9e-8d93-12ac3367813b,db09886d-1af6-4daa-81cb-c70ec0c36b4d,ae06a7d9-3a3c-4886-bbb2-61c275650128,2025-08-24,8248,2025-08-21T17:26:25.571198+00:00
234,ebcff9e6-befb-4416-ba87-3ca2bf2677e9,1cbf0f58-1cba-46d8-8eec-f9c0ec5acd1f,250e4577-2302-4f49-b806-11b574d83214,2025-10-26,8149,2025-10-25T18:47:22.182629+00:00
235,06e5a2bb-0ce7-4b40-bb5f-c220a78e8d2a,db09886d-1af6-4daa-81cb-c70ec0c36b4d,ae06a7d9-3a3c-4886-bbb2-61c275650128,2025-08-25,5143,2025-08-21T17:26:25.732315+00:00
236,873ed88d-f392-4b17-b975-7010e3604fe7,1cbf0f58-1cba-46d8-8eec-f9c0ec5acd1f,250e4577-2302-4f49-b806-11b574d83214,2025-11-16,5811,2025-10-25T18:47:22.531611+00:00
237,89cd2290-84df-44b7-b37b-18d9cb72101b,db09886d-1af6-4daa-81cb-c70ec0c36b4d,ae06a7d9-3a3c-4886-bbb2-61c275650128,2025-08-26,5143,2025-08-21T17:26:25.947354+00:00
238,7bea7fe7-af0d-46b3-8b80-8514bd77cf1e,81cb3285-717e-457e-adf7-839e1c2a7fee,250e4577-2302-4f49-b806-11b574d83214,2025-10-31,4853,2025-10-25T18:47:22.609215+00:00
239,70fdee8a-3af4-4972-bee7-b3d1be4a2053,db09886d-1af6-4daa-81cb-c70ec0c36b4d,ae06a7d9-3a3c-4886-bbb2-61c275650128,2025-08-27,5143,2025-08-21T17:26:26.170047+00:00
240,9a5d8965-45e5-4be0-9b28-f790e0e3cad6,81cb3285-717e-457e-adf7-839e1c2a7fee,250e4577-2302-4f49-b806-11b574d83214,2025-11-26,3499,2025-10-25T18:47:22.74322+00:00
241,ba1dea9d-98ef-424a-8912-51e1ccbed16f,db09886d-1af6-4daa-81cb-c70ec0c36b4d,ae06a7d9-3a3c-4886-bbb2-61c275650128,2025-08-28,5143,2025-08-21T17:26:26.314111+00:00
242,42fa9e00-1153-492c-bfa7-483663de8a04,81cb3285-717e-457e-adf7-839e1c2a7fee,df66ebda-424a-4644-92e9-8ff34e3be56d,2025-10-28,4349,2025-10-25T18:47:24.479672+00:00
243,a202c036-5377-4b96-9c25-12d46a84778b,db09886d-1af6-4daa-81cb-c70ec0c36b4d,ae06a7d9-3a3c-4886-bbb2-61c275650128,2025-08-29,6533,2025-08-21T17:26:26.462928+00:00
244,c0bf09cc-108f-4d17-9f04-793e6f4688d8,db09886d-1af6-4daa-81cb-c70ec0c36b4d,ae06a7d9-3a3c-4886-bbb2-61c275650128,2025-08-30,5705,2025-08-21T17:26:26.615727+00:00
245,4ecae03d-4207-40f2-90f6-223e0d8dc0e4,db09886d-1af6-4daa-81cb-c70ec0c36b4d,ae06a7d9-3a3c-4886-bbb2-61c275650128,2025-08-31,7193,2025-08-21T17:26:26.768637+00:00
246,48b6c2b2-fdaa-4206-a2a9-22848edbb88d,db09886d-1af6-4daa-81cb-c70ec0c36b4d,ae06a7d9-3a3c-4886-bbb2-61c275650128,2025-09-01,5143,2025-08-21T17:26:26.922253+00:00
247,9b4c707e-3bc6-4434-b59e-8ae5b35f64f1,db09886d-1af6-4daa-81cb-c70ec0c36b4d,ae06a7d9-3a3c-4886-bbb2-61c275650128,2025-09-02,5143,2025-08-21T17:26:27.071925+00:00
248,6cea356e-d9c4-42c2-8c54-916a660f893a,db09886d-1af6-4daa-81cb-c70ec0c36b4d,ae06a7d9-3a3c-4886-bbb2-61c275650128,2025-09-03,5143,2025-08-21T17:26:27.216691+00:00
249,66a3ba14-5420-4fb4-a29e-d7fd3563d3e0,db09886d-1af6-4daa-81cb-c70ec0c36b4d,ae06a7d9-3a3c-4886-bbb2-61c275650128,2025-09-04,5143,2025-08-21T17:26:27.3636+00:00
250,720d6e87-4d08-420a-8a25-fa6987f32ec2,db09886d-1af6-4daa-81cb-c70ec0c36b4d,ae06a7d9-3a3c-4886-bbb2-61c275650128,2025-09-05,6321,2025-08-21T17:26:27.52299+00:00
251,012f8b27-c936-4100-a718-44adfc40906f,db09886d-1af6-4daa-81cb-c70ec0c36b4d,ae06a7d9-3a3c-4886-bbb2-61c275650128,2025-09-06,6321,2025-08-21T17:26:27.678061+00:00
252,4451fc45-fc37-497b-b59c-ac3cd5812e9a,db09886d-1af6-4daa-81cb-c70ec0c36b4d,ae06a7d9-3a3c-4886-bbb2-61c275650128,2025-09-07,6764,2025-08-21T17:26:27.838566+00:00
253,a4efef99-8d4b-412c-84ef-310e70ac1818,db09886d-1af6-4daa-81cb-c70ec0c36b4d,ae06a7d9-3a3c-4886-bbb2-61c275650128,2025-09-08,5143,2025-08-21T17:26:27.994801+00:00
254,f3a5e30c-9aa8-449c-868b-aa2f74a58755,db09886d-1af6-4daa-81cb-c70ec0c36b4d,ae06a7d9-3a3c-4886-bbb2-61c275650128,2025-09-09,5143,2025-08-21T17:26:28.160223+00:00
255,02ff0039-bd73-4783-8511-de369df24e5e,db09886d-1af6-4daa-81cb-c70ec0c36b4d,ae06a7d9-3a3c-4886-bbb2-61c275650128,2025-09-10,6096,2025-08-21T17:26:28.313723+00:00
256,c86aaaf5-4d5d-4d07-9910-d544ce6f2514,db09886d-1af6-4daa-81cb-c70ec0c36b4d,ae06a7d9-3a3c-4886-bbb2-61c275650128,2025-09-11,5143,2025-08-21T17:26:28.480782+00:00
257,c97d684e-16d6-47fd-a688-a0c72d8fddae,db09886d-1af6-4daa-81cb-c70ec0c36b4d,ae06a7d9-3a3c-4886-bbb2-61c275650128,2025-09-12,6176,2025-08-21T17:26:28.631799+00:00
258,5c1a53d1-d3c9-43c1-abf6-00c666154f63,db09886d-1af6-4daa-81cb-c70ec0c36b4d,ae06a7d9-3a3c-4886-bbb2-61c275650128,2025-09-14,6373,2025-08-21T17:26:28.936478+00:00
259,dd9e60fb-de38-4088-8f96-b8788a6a2aa7,db09886d-1af6-4daa-81cb-c70ec0c36b4d,ae06a7d9-3a3c-4886-bbb2-61c275650128,2025-09-16,5143,2025-08-21T17:26:29.245249+00:00
260,c6aeae99-6803-4581-8adf-4037f9d8282f,db09886d-1af6-4daa-81cb-c70ec0c36b4d,ae06a7d9-3a3c-4886-bbb2-61c275650128,2025-09-18,5143,2025-08-21T17:26:29.614641+00:00
261,52277d17-de79-4fb2-8ab1-8994788dbeb0,db09886d-1af6-4daa-81cb-c70ec0c36b4d,ae06a7d9-3a3c-4886-bbb2-61c275650128,2025-09-20,6321,2025-08-21T17:26:30.057373+00:00
262,a4c1cd0e-6eed-4b3b-9952-f3c1fdbd30d2,248c6414-538b-41de-820c-e45a78dd2057,ae06a7d9-3a3c-4886-bbb2-61c275650128,2025-10-26,6826,2025-10-24T04:49:59.107282+00:00
263,557327b7-a50d-4eef-ac18-acc1979bbce4,248c6414-538b-41de-820c-e45a78dd2057,ae06a7d9-3a3c-4886-bbb2-61c275650128,2025-11-05,6625,2025-10-24T04:49:59.921221+00:00
264,ba9372b8-7d06-41fd-9b4b-52c65243bbb8,248c6414-538b-41de-820c-e45a78dd2057,ae06a7d9-3a3c-4886-bbb2-61c275650128,2025-11-09,6589,2025-10-24T04:50:00.183674+00:00
265,5b8d358e-db5c-4977-8cc9-290ae6070334,0fda54ea-aed0-45b6-966e-ee23bee9bb89,ae06a7d9-3a3c-4886-bbb2-61c275650128,2025-10-26,12693,2025-10-24T04:50:05.765866+00:00
266,0220df14-9a77-4734-a0bd-7fa67048a4f3,0fda54ea-aed0-45b6-966e-ee23bee9bb89,df66ebda-424a-4644-92e9-8ff34e3be56d,2025-10-24,9466,2025-10-24T04:50:05.809549+00:00
267,87724130-5dfe-463e-bd2e-cf82fde0d87c,0fda54ea-aed0-45b6-966e-ee23bee9bb89,df66ebda-424a-4644-92e9-8ff34e3be56d,2025-10-26,11917,2025-10-24T04:50:05.991724+00:00
268,64fb89ea-07c4-4cc8-9cb2-3ee69553f629,0fda54ea-aed0-45b6-966e-ee23bee9bb89,df66ebda-424a-4644-92e9-8ff34e3be56d,2025-10-27,13317,2025-10-24T04:50:06.079504+00:00
269,aefb7057-c744-4a95-941f-4859d3d25600,0fda54ea-aed0-45b6-966e-ee23bee9bb89,df66ebda-424a-4644-92e9-8ff34e3be56d,2025-10-28,14966,2025-10-24T04:50:06.200863+00:00
270,b36ef77f-da1d-4703-9189-0e186edda1cb,0fda54ea-aed0-45b6-966e-ee23bee9bb89,df66ebda-424a-4644-92e9-8ff34e3be56d,2025-10-30,11118,2025-10-24T04:50:06.392924+00:00
271,6e14f5ba-c821-4283-9100-d1f165fe7a00,0fda54ea-aed0-45b6-966e-ee23bee9bb89,df66ebda-424a-4644-92e9-8ff34e3be56d,2025-11-02,11118,2025-10-24T04:50:06.562887+00:00
272,39b625d4-2eda-4a62-b66a-703da2fcd63d,0fda54ea-aed0-45b6-966e-ee23bee9bb89,df66ebda-424a-4644-92e9-8ff34e3be56d,2025-11-13,5785,2025-10-24T04:50:06.981614+00:00
273,18c68fb1-3ba2-4290-803a-0deebe657699,0fda54ea-aed0-45b6-966e-ee23bee9bb89,df66ebda-424a-4644-92e9-8ff34e3be56d,2025-11-18,5486,2025-10-24T04:50:07.175156+00:00
274,952549ce-687a-47a1-83db-222b9517f22b,0fda54ea-aed0-45b6-966e-ee23bee9bb89,df66ebda-424a-4644-92e9-8ff34e3be56d,2025-11-20,5486,2025-10-24T04:50:07.234701+00:00
275,e56ae260-be4f-4cf0-b3ac-c05a74690376,3fd14c1f-3c99-4c36-9000-d2c278593f56,ae06a7d9-3a3c-4886-bbb2-61c275650128,2025-08-22,7371,2025-08-21T17:26:40.819611+00:00
276,26b9188c-061b-4241-b106-13bab0f2e074,3fd14c1f-3c99-4c36-9000-d2c278593f56,ae06a7d9-3a3c-4886-bbb2-61c275650128,2025-08-23,6163,2025-08-21T17:26:40.994116+00:00
277,27f7b3ea-8e32-4d59-bd5e-dc0e34b1cdb4,3fd14c1f-3c99-4c36-9000-d2c278593f56,ae06a7d9-3a3c-4886-bbb2-61c275650128,2025-08-24,5519,2025-08-21T17:26:41.205735+00:00
278,20847821-f86e-4a35-8014-78ee96508896,3fd14c1f-3c99-4c36-9000-d2c278593f56,ae06a7d9-3a3c-4886-bbb2-61c275650128,2025-08-25,4662,2025-08-21T17:26:41.406813+00:00
279,ead1c739-e2f9-448e-b069-75c365545324,3fd14c1f-3c99-4c36-9000-d2c278593f56,ae06a7d9-3a3c-4886-bbb2-61c275650128,2025-08-26,3789,2025-08-21T17:26:41.612067+00:00
280,7f3fa686-576c-4870-888d-452894ce1a08,3fd14c1f-3c99-4c36-9000-d2c278593f56,ae06a7d9-3a3c-4886-bbb2-61c275650128,2025-08-27,4525,2025-08-21T17:26:41.783025+00:00
281,733cc4e6-9a2e-4241-bec2-7ecc514332e0,3fd14c1f-3c99-4c36-9000-d2c278593f56,ae06a7d9-3a3c-4886-bbb2-61c275650128,2025-08-29,4168,2025-08-21T17:26:42.119587+00:00
282,c897f229-5cb7-447b-90bd-3af76bf34454,3fd14c1f-3c99-4c36-9000-d2c278593f56,ae06a7d9-3a3c-4886-bbb2-61c275650128,2025-08-31,4662,2025-08-21T17:26:42.461772+00:00
283,2db3245e-3f2a-4c7e-81d0-7d42468b4dba,3fd14c1f-3c99-4c36-9000-d2c278593f56,ae06a7d9-3a3c-4886-bbb2-61c275650128,2025-09-02,3843,2025-08-21T17:26:42.807274+00:00
284,72065ddc-4669-4222-b967-20d977947e6d,3fd14c1f-3c99-4c36-9000-d2c278593f56,ae06a7d9-3a3c-4886-bbb2-61c275650128,2025-09-04,3843,2025-08-21T17:26:43.133139+00:00
285,e0586f17-161f-4e04-b81c-b6cbb9f69cf0,3fd14c1f-3c99-4c36-9000-d2c278593f56,ae06a7d9-3a3c-4886-bbb2-61c275650128,2025-09-06,3843,2025-08-21T17:26:43.471389+00:00
286,2e741bf0-3cef-4b1f-9c1e-62781fd5ea99,3fd14c1f-3c99-4c36-9000-d2c278593f56,ae06a7d9-3a3c-4886-bbb2-61c275650128,2025-09-08,3843,2025-08-21T17:26:43.850003+00:00
287,8bd73981-41da-42e3-a8bb-993298da3d5e,3fd14c1f-3c99-4c36-9000-d2c278593f56,ae06a7d9-3a3c-4886-bbb2-61c275650128,2025-09-10,3843,2025-08-21T17:26:44.286419+00:00
288,f033a6a4-8f86-489e-9ab4-e3f9013ebb68,3fd14c1f-3c99-4c36-9000-d2c278593f56,ae06a7d9-3a3c-4886-bbb2-61c275650128,2025-09-12,3843,2025-08-21T17:26:44.694492+00:00
289,f7930ee5-6294-4d70-88d0-e2b540073be1,3fd14c1f-3c99-4c36-9000-d2c278593f56,ae06a7d9-3a3c-4886-bbb2-61c275650128,2025-09-14,4630,2025-08-21T17:26:45.095416+00:00
290,0d835cb9-9769-4b9e-8d45-e97b4e241d76,3fd14c1f-3c99-4c36-9000-d2c278593f56,ae06a7d9-3a3c-4886-bbb2-61c275650128,2025-09-16,3789,2025-08-21T17:26:45.471422+00:00
291,510d72f7-a5b7-4ced-bf16-c9bc87701541,3fd14c1f-3c99-4c36-9000-d2c278593f56,ae06a7d9-3a3c-4886-bbb2-61c275650128,2025-09-18,3843,2025-08-21T17:26:45.7974+00:00
292,78d3a184-e916-46ff-8c5b-815bd919d76e,3fd14c1f-3c99-4c36-9000-d2c278593f56,ae06a7d9-3a3c-4886-bbb2-61c275650128,2025-09-20,4452,2025-08-21T17:26:46.224367+00:00
293,c5fb020f-dc34-4689-b7d3-594d526c17e3,2b141be2-5c85-4da4-99d9-ed7df7770e25,ae06a7d9-3a3c-4886-bbb2-61c275650128,2025-08-22,6460,2025-08-21T17:27:08.254206+00:00
294,66578a8f-3e79-46a3-811c-bd0265759732,2b141be2-5c85-4da4-99d9-ed7df7770e25,ae06a7d9-3a3c-4886-bbb2-61c275650128,2025-08-24,6454,2025-08-21T17:27:08.651881+00:00
295,f2416c56-149d-4720-81b0-550de53d1a31,2b141be2-5c85-4da4-99d9-ed7df7770e25,ae06a7d9-3a3c-4886-bbb2-61c275650128,2025-08-26,5844,2025-08-21T17:27:09.07003+00:00
296,35279753-d621-456c-9af1-f02abf97b33e,2b141be2-5c85-4da4-99d9-ed7df7770e25,ae06a7d9-3a3c-4886-bbb2-61c275650128,2025-08-28,4885,2025-08-21T17:27:09.47782+00:00
297,bee944a2-0107-4cfa-8c86-7ef41202dd17,2b141be2-5c85-4da4-99d9-ed7df7770e25,ae06a7d9-3a3c-4886-bbb2-61c275650128,2025-08-30,5941,2025-08-21T17:27:09.890173+00:00
298,479e6cac-5637-409f-872e-0b5184a70f33,2b141be2-5c85-4da4-99d9-ed7df7770e25,ae06a7d9-3a3c-4886-bbb2-61c275650128,2025-09-01,5590,2025-08-21T17:27:10.286539+00:00
299,8608f08d-30e4-419c-919b-d71e63f6cdd4,2b141be2-5c85-4da4-99d9-ed7df7770e25,ae06a7d9-3a3c-4886-bbb2-61c275650128,2025-09-03,4615,2025-08-21T17:27:10.699787+00:00
300,6dfece51-a63a-409e-81a5-c79e3e7190b9,2b141be2-5c85-4da4-99d9-ed7df7770e25,ae06a7d9-3a3c-4886-bbb2-61c275650128,2025-09-05,5941,2025-08-21T17:27:11.106919+00:00
301,071f6eb0-58f6-418e-8f80-b719e3049830,2b141be2-5c85-4da4-99d9-ed7df7770e25,ae06a7d9-3a3c-4886-bbb2-61c275650128,2025-09-07,5941,2025-08-21T17:27:11.522086+00:00
302,86f3469a-0a98-4b6e-b21a-aaff5431852d,2b141be2-5c85-4da4-99d9-ed7df7770e25,ae06a7d9-3a3c-4886-bbb2-61c275650128,2025-09-09,4724,2025-08-21T17:27:11.92595+00:00
303,6efe1eff-cd06-425e-bc58-e2606f863bba,2b141be2-5c85-4da4-99d9-ed7df7770e25,ae06a7d9-3a3c-4886-bbb2-61c275650128,2025-09-11,4724,2025-08-21T17:27:12.34006+00:00
304,3b6bee29-1bb4-4141-8f76-818ca56cc6d0,2b141be2-5c85-4da4-99d9-ed7df7770e25,ae06a7d9-3a3c-4886-bbb2-61c275650128,2025-09-13,6089,2025-08-21T17:27:12.735422+00:00
305,a7198dd7-0636-4986-8af9-dea8d43d4857,2b141be2-5c85-4da4-99d9-ed7df7770e25,ae06a7d9-3a3c-4886-bbb2-61c275650128,2025-09-15,4724,2025-08-21T17:27:13.166518+00:00
306,839f00ba-a9a4-4d94-9f17-cbe591e1d912,2b141be2-5c85-4da4-99d9-ed7df7770e25,ae06a7d9-3a3c-4886-bbb2-61c275650128,2025-09-17,4724,2025-08-21T17:27:13.573098+00:00
307,08060a42-7e41-4a34-a347-f8bc1a80b85c,2b141be2-5c85-4da4-99d9-ed7df7770e25,ae06a7d9-3a3c-4886-bbb2-61c275650128,2025-09-19,5941,2025-08-21T17:27:13.977241+00:00
308,69e81152-e9bb-45e5-8e51-7f2fc273647a,2b141be2-5c85-4da4-99d9-ed7df7770e25,ae06a7d9-3a3c-4886-bbb2-61c275650128,2025-09-21,6163,2025-08-21T17:27:14.380821+00:00
309,fc9551ec-a608-4afd-aa75-fcd3f4beb948,8dc99465-1d7f-4bab-87d0-43263d95f675,ae06a7d9-3a3c-4886-bbb2-61c275650128,2025-09-08,3923,2025-08-26T15:15:55.163937+00:00
310,c419c7ad-7c65-4c1f-bd6f-f5f734633409,8dc99465-1d7f-4bab-87d0-43263d95f675,ae06a7d9-3a3c-4886-bbb2-61c275650128,2025-09-10,3923,2025-08-26T15:15:55.352545+00:00
311,c460c50b-78e5-4a9a-92dc-c8fc98c8ccbf,8dc99465-1d7f-4bab-87d0-43263d95f675,ae06a7d9-3a3c-4886-bbb2-61c275650128,2025-09-14,4631,2025-08-26T15:15:55.721808+00:00
312,520c8286-aa20-4705-a63a-a875d5635652,8dc99465-1d7f-4bab-87d0-43263d95f675,ae06a7d9-3a3c-4886-bbb2-61c275650128,2025-09-24,6595,2025-08-26T15:15:56.694109+00:00
313,2ef95246-a8a4-452c-b3f8-b05194b1ac37,8dc99465-1d7f-4bab-87d0-43263d95f675,ae06a7d9-3a3c-4886-bbb2-61c275650128,2025-09-26,8392,2025-08-26T15:15:56.875042+00:00
314,220a9b01-6076-4e14-8ef9-b72991cf9e1e,8dc99465-1d7f-4bab-87d0-43263d95f675,4e9b1741-6fd4-47ef-ad87-3faff6bd6e40,2025-09-01,4835,2025-08-26T15:16:01.241456+00:00
315,a3c2d0ee-19bc-49a5-98c2-d481b706c7e3,f9bdd1af-e54d-41bb-b0c1-b5ec8b932420,4e9b1741-6fd4-47ef-ad87-3faff6bd6e40,2025-08-31,7589,2025-08-26T15:16:04.173818+00:00
316,84cce5cd-31c9-48f8-bd54-08ebee80d524,f9bdd1af-e54d-41bb-b0c1-b5ec8b932420,4e9b1741-6fd4-47ef-ad87-3faff6bd6e40,2025-09-01,5870,2025-08-26T15:16:04.411737+00:00
317,8e8cafdc-7aea-48dd-a84c-50621777f233,0fda54ea-aed0-45b6-966e-ee23bee9bb89,4e9b1741-6fd4-47ef-ad87-3faff6bd6e40,2025-10-24,12424,2025-10-24T04:50:12.0398+00:00
318,60a0c1c5-11e0-407c-bfb5-ad9806a4716f,0fda54ea-aed0-45b6-966e-ee23bee9bb89,4e9b1741-6fd4-47ef-ad87-3faff6bd6e40,2025-10-28,13263,2025-10-24T04:50:12.535754+00:00
319,5c6da9e5-df4e-44f6-8bb3-074f0be896c9,0fda54ea-aed0-45b6-966e-ee23bee9bb89,4e9b1741-6fd4-47ef-ad87-3faff6bd6e40,2025-10-30,9847,2025-10-24T04:50:12.739375+00:00
320,0592a840-1f38-4544-abef-d6ab4560be3e,db09886d-1af6-4daa-81cb-c70ec0c36b4d,ae06a7d9-3a3c-4886-bbb2-61c275650128,2025-10-27,9512,2025-10-24T04:50:17.644637+00:00
321,02c6f576-ee2b-41b3-b676-fd761525a5ad,db09886d-1af6-4daa-81cb-c70ec0c36b4d,ae06a7d9-3a3c-4886-bbb2-61c275650128,2025-11-12,5931,2025-10-24T04:50:18.687393+00:00
322,db9ba757-d117-42a1-bdda-1a9f5af6c908,f9bdd1af-e54d-41bb-b0c1-b5ec8b932420,ae06a7d9-3a3c-4886-bbb2-61c275650128,2025-09-26,5483,2025-08-26T15:16:06.985667+00:00
323,1be73d7a-9897-4314-876f-a797a110c443,db09886d-1af6-4daa-81cb-c70ec0c36b4d,ae06a7d9-3a3c-4886-bbb2-61c275650128,2025-11-14,6744,2025-10-24T04:50:18.777671+00:00
324,8ffd26c0-9a21-494f-883d-7969a8403987,db09886d-1af6-4daa-81cb-c70ec0c36b4d,df66ebda-424a-4644-92e9-8ff34e3be56d,2025-10-24,7839,2025-10-24T04:50:19.234311+00:00
325,73f6bfd1-6736-4277-a269-97e0d8318e93,db09886d-1af6-4daa-81cb-c70ec0c36b4d,df66ebda-424a-4644-92e9-8ff34e3be56d,2025-10-25,10462,2025-10-24T04:50:19.30636+00:00
326,d863e3f3-458f-4223-83d3-f5e2049eb456,db09886d-1af6-4daa-81cb-c70ec0c36b4d,df66ebda-424a-4644-92e9-8ff34e3be56d,2025-10-26,13485,2025-10-24T04:50:19.366753+00:00
327,4ca80df8-340a-4fa0-88da-bf5a3573dd3c,db09886d-1af6-4daa-81cb-c70ec0c36b4d,df66ebda-424a-4644-92e9-8ff34e3be56d,2025-10-31,7209,2025-10-24T04:50:19.592148+00:00
328,e5e7e094-4833-4a20-bf65-9482742be02b,db09886d-1af6-4daa-81cb-c70ec0c36b4d,df66ebda-424a-4644-92e9-8ff34e3be56d,2025-11-08,6828,2025-10-24T04:50:19.967564+00:00
329,ee9d3037-5bc4-4738-907d-6e058fd7d4b2,db09886d-1af6-4daa-81cb-c70ec0c36b4d,df66ebda-424a-4644-92e9-8ff34e3be56d,2025-11-24,6248,2025-10-24T04:50:20.721833+00:00
330,285dfa2a-90ee-4e05-ad13-539c9037c531,db09886d-1af6-4daa-81cb-c70ec0c36b4d,4e9b1741-6fd4-47ef-ad87-3faff6bd6e40,2025-10-25,13041,2025-10-24T04:50:38.135604+00:00
331,ac33857c-6571-43c5-98af-68bc4a56a6ab,6446326c-4400-4274-804f-8c61e487b251,df66ebda-424a-4644-92e9-8ff34e3be56d,2025-10-24,19490,2025-10-24T04:50:43.21144+00:00
332,2fa2cee1-6fd4-4438-a07e-be5a64c04934,6446326c-4400-4274-804f-8c61e487b251,df66ebda-424a-4644-92e9-8ff34e3be56d,2025-10-31,7539,2025-10-24T04:50:43.867479+00:00
333,8af29273-f631-4fcf-b587-d6e0c31efda5,c96034fb-d762-460a-a5a8-48829c121c1c,ae06a7d9-3a3c-4886-bbb2-61c275650128,2025-10-24,6539,2025-10-24T04:50:51.158784+00:00
334,0e088afb-5c69-4cf8-bd50-fd93f8143b58,c96034fb-d762-460a-a5a8-48829c121c1c,ae06a7d9-3a3c-4886-bbb2-61c275650128,2025-10-28,8429,2025-10-24T04:50:51.335739+00:00
335,5f9023a1-4dc0-422e-839f-f186e7d01fc1,c96034fb-d762-460a-a5a8-48829c121c1c,ae06a7d9-3a3c-4886-bbb2-61c275650128,2025-10-30,7694,2025-10-24T04:50:51.413756+00:00
336,354e50ab-54b0-44aa-9ffd-c7d9d277daaa,c96034fb-d762-460a-a5a8-48829c121c1c,df66ebda-424a-4644-92e9-8ff34e3be56d,2025-11-10,7641,2025-10-24T04:50:51.488627+00:00
337,78d36e46-a210-4093-b90d-04d9970b9188,c96034fb-d762-460a-a5a8-48829c121c1c,df66ebda-424a-4644-92e9-8ff34e3be56d,2025-11-15,8092,2025-10-24T04:50:51.69832+00:00
338,3072f865-6746-42b8-b623-ea56ff60acd0,db09886d-1af6-4daa-81cb-c70ec0c36b4d,ae06a7d9-3a3c-4886-bbb2-61c275650128,2025-09-13,6321,2025-08-21T17:26:28.781253+00:00
339,f6175a02-cdf4-498b-bbd6-f4e994a1e269,db09886d-1af6-4daa-81cb-c70ec0c36b4d,ae06a7d9-3a3c-4886-bbb2-61c275650128,2025-09-15,5143,2025-08-21T17:26:29.096572+00:00
340,e2276c39-d3ca-4457-b3e2-a8f15f10e7db,db09886d-1af6-4daa-81cb-c70ec0c36b4d,ae06a7d9-3a3c-4886-bbb2-61c275650128,2025-09-17,5143,2025-08-21T17:26:29.404518+00:00
341,1a975e10-28ec-4a58-a164-021d71819ab6,db09886d-1af6-4daa-81cb-c70ec0c36b4d,ae06a7d9-3a3c-4886-bbb2-61c275650128,2025-09-19,6321,2025-08-21T17:26:29.782876+00:00
342,d9fbe790-1bbf-4156-8c0a-34136d361d0c,db09886d-1af6-4daa-81cb-c70ec0c36b4d,ae06a7d9-3a3c-4886-bbb2-61c275650128,2025-09-21,6121,2025-08-21T17:26:30.307758+00:00
343,2017c127-2ee8-4aa1-9ccd-2bc60dd0f455,c96034fb-d762-460a-a5a8-48829c121c1c,df66ebda-424a-4644-92e9-8ff34e3be56d,2025-11-16,9262,2025-10-24T04:50:51.759849+00:00
344,959375f8-ae03-4db6-acec-1d37925392a1,c96034fb-d762-460a-a5a8-48829c121c1c,df66ebda-424a-4644-92e9-8ff34e3be56d,2025-11-22,6845,2025-10-24T04:50:51.928935+00:00
345,8b2f045d-e9eb-48b4-9953-45b497909837,3fd14c1f-3c99-4c36-9000-d2c278593f56,df66ebda-424a-4644-92e9-8ff34e3be56d,2025-10-29,6765,2025-10-24T04:51:01.979301+00:00
346,1a10956b-372e-4c14-9c09-e95d49de89b2,3fd14c1f-3c99-4c36-9000-d2c278593f56,df66ebda-424a-4644-92e9-8ff34e3be56d,2025-11-02,7898,2025-10-24T04:51:02.39891+00:00
347,1567de05-0e57-4827-9224-3a897b6c25ce,3fd14c1f-3c99-4c36-9000-d2c278593f56,df66ebda-424a-4644-92e9-8ff34e3be56d,2025-11-04,5135,2025-10-24T04:51:02.602816+00:00
348,c4421bd7-feb6-4728-bdb0-9984519ae245,1cbf0f58-1cba-46d8-8eec-f9c0ec5acd1f,250e4577-2302-4f49-b806-11b574d83214,2025-10-30,5834,2025-10-25T18:47:22.173852+00:00
349,4172cf8d-89cf-4a15-bb28-d9960357e6a8,1cbf0f58-1cba-46d8-8eec-f9c0ec5acd1f,250e4577-2302-4f49-b806-11b574d83214,2025-11-26,5607,2025-10-25T18:47:22.584944+00:00
350,102ac0bc-a691-473f-9612-6db3401b5608,f95680ab-0056-4d17-b6bf-312b5b51e017,250e4577-2302-4f49-b806-11b574d83214,2025-10-26,6958,2025-10-25T18:47:22.73853+00:00
351,9949b48d-c947-4781-a0e9-f74e739cb0b7,81cb3285-717e-457e-adf7-839e1c2a7fee,4e9b1741-6fd4-47ef-ad87-3faff6bd6e40,2025-10-26,8828,2025-10-25T18:47:24.157593+00:00
352,8d6e8170-5813-4548-ba03-23fe3587c910,81cb3285-717e-457e-adf7-839e1c2a7fee,df66ebda-424a-4644-92e9-8ff34e3be56d,2025-10-29,3523,2025-10-25T18:47:24.516655+00:00
353,a5d58f4e-0550-46ea-ab23-5f2668d78675,f95680ab-0056-4d17-b6bf-312b5b51e017,df66ebda-424a-4644-92e9-8ff34e3be56d,2025-11-01,4434,2025-10-25T18:47:26.191688+00:00
354,06dcdb7f-aad4-4c30-a54e-9ae555393320,1cbf0f58-1cba-46d8-8eec-f9c0ec5acd1f,df66ebda-424a-4644-92e9-8ff34e3be56d,2025-11-24,6743,2025-10-25T18:47:26.356918+00:00
355,4734e170-15f7-48d6-a932-7d99ae8a7e08,f95680ab-0056-4d17-b6bf-312b5b51e017,df66ebda-424a-4644-92e9-8ff34e3be56d,2025-11-13,4370,2025-10-25T18:47:26.581514+00:00
356,a750ceea-e486-46f2-a923-41e9babe7ec1,d947b640-2157-43a7-b48a-b8c24d4807b3,ae06a7d9-3a3c-4886-bbb2-61c275650128,2025-11-05,4319,2025-10-25T18:47:26.962749+00:00
357,fe5b7dc6-6486-485f-8989-cb944b7e111a,018826e7-9fff-464d-b3ab-3f98a4f66e53,250e4577-2302-4f49-b806-11b574d83214,2025-11-02,8062,2025-10-25T18:47:28.029884+00:00
358,ad118644-8d98-4251-8daf-93453f92aa44,018826e7-9fff-464d-b3ab-3f98a4f66e53,250e4577-2302-4f49-b806-11b574d83214,2025-11-09,8062,2025-10-25T18:47:28.074484+00:00
359,7734f172-8a20-4be8-a3aa-0160a4ac950c,018826e7-9fff-464d-b3ab-3f98a4f66e53,250e4577-2302-4f49-b806-11b574d83214,2025-11-20,4732,2025-10-25T18:47:28.106458+00:00
360,e38e32ad-004c-4731-bafb-a81c73c9d873,1cbf0f58-1cba-46d8-8eec-f9c0ec5acd1f,4e9b1741-6fd4-47ef-ad87-3faff6bd6e40,2025-10-26,7662,2025-10-25T18:47:29.99713+00:00
361,c7f1c400-dc41-4f58-9402-5e2e4fdea830,3fd14c1f-3c99-4c36-9000-d2c278593f56,ae06a7d9-3a3c-4886-bbb2-61c275650128,2025-08-28,4168,2025-08-21T17:26:41.944599+00:00
362,3dd7e2cf-f911-4aab-b22b-9bd6d9e20297,3fd14c1f-3c99-4c36-9000-d2c278593f56,ae06a7d9-3a3c-4886-bbb2-61c275650128,2025-08-30,4389,2025-08-21T17:26:42.289849+00:00
363,9a53f042-199a-4508-88bf-6e19b19d71e4,3fd14c1f-3c99-4c36-9000-d2c278593f56,ae06a7d9-3a3c-4886-bbb2-61c275650128,2025-09-01,4168,2025-08-21T17:26:42.634768+00:00
364,533f27c3-aa57-4f54-acb3-75d0beeeaa29,3fd14c1f-3c99-4c36-9000-d2c278593f56,ae06a7d9-3a3c-4886-bbb2-61c275650128,2025-09-03,4630,2025-08-21T17:26:42.97432+00:00
365,9a660e5b-a589-4d73-9890-ec79c6be4827,3fd14c1f-3c99-4c36-9000-d2c278593f56,ae06a7d9-3a3c-4886-bbb2-61c275650128,2025-09-05,3843,2025-08-21T17:26:43.298549+00:00
366,947d3c05-b499-44ec-9e51-7ed1d14d58b7,3fd14c1f-3c99-4c36-9000-d2c278593f56,ae06a7d9-3a3c-4886-bbb2-61c275650128,2025-09-07,4840,2025-08-21T17:26:43.63377+00:00
367,c27f1796-45f4-41db-a25b-f8797d83915a,3fd14c1f-3c99-4c36-9000-d2c278593f56,ae06a7d9-3a3c-4886-bbb2-61c275650128,2025-09-09,3843,2025-08-21T17:26:44.067555+00:00
368,c4c12bdd-c5ca-4d93-9fa2-6597ece38062,3fd14c1f-3c99-4c36-9000-d2c278593f56,ae06a7d9-3a3c-4886-bbb2-61c275650128,2025-09-11,3843,2025-08-21T17:26:44.487404+00:00
369,9bde7c08-e65b-4e48-87ce-af084405f343,3fd14c1f-3c99-4c36-9000-d2c278593f56,ae06a7d9-3a3c-4886-bbb2-61c275650128,2025-09-13,4525,2025-08-21T17:26:44.891855+00:00
370,e6eae59e-0725-431b-a12e-02347e750efe,3fd14c1f-3c99-4c36-9000-d2c278593f56,ae06a7d9-3a3c-4886-bbb2-61c275650128,2025-09-15,3843,2025-08-21T17:26:45.301372+00:00
371,8e6ee2e7-6b80-41de-92a9-86bd45a32309,3fd14c1f-3c99-4c36-9000-d2c278593f56,ae06a7d9-3a3c-4886-bbb2-61c275650128,2025-09-17,3843,2025-08-21T17:26:45.629787+00:00
372,184ae8eb-66e1-4a3f-8e78-2c65cb070262,3fd14c1f-3c99-4c36-9000-d2c278593f56,ae06a7d9-3a3c-4886-bbb2-61c275650128,2025-09-19,4389,2025-08-21T17:26:45.976601+00:00
373,732c196f-041d-4164-8dd6-ee20f4a96a5d,3fd14c1f-3c99-4c36-9000-d2c278593f56,ae06a7d9-3a3c-4886-bbb2-61c275650128,2025-09-21,4389,2025-08-21T17:26:46.433324+00:00
374,07c42392-4099-4359-b662-1da8547e3332,2b141be2-5c85-4da4-99d9-ed7df7770e25,ae06a7d9-3a3c-4886-bbb2-61c275650128,2025-08-23,5844,2025-08-21T17:27:08.452716+00:00
375,4a731da5-0b93-4440-9eac-cf0e0c396039,2b141be2-5c85-4da4-99d9-ed7df7770e25,ae06a7d9-3a3c-4886-bbb2-61c275650128,2025-08-25,5844,2025-08-21T17:27:08.867408+00:00
376,0b4a191b-81d5-4eb1-8284-630532ee27ef,2b141be2-5c85-4da4-99d9-ed7df7770e25,ae06a7d9-3a3c-4886-bbb2-61c275650128,2025-08-27,5725,2025-08-21T17:27:09.271896+00:00
377,353762b8-8ecc-482a-9484-1b0bd28e599e,2b141be2-5c85-4da4-99d9-ed7df7770e25,ae06a7d9-3a3c-4886-bbb2-61c275650128,2025-08-29,4885,2025-08-21T17:27:09.679403+00:00
378,9c4647e2-1e51-43e8-806d-b25c7e5621d1,2b141be2-5c85-4da4-99d9-ed7df7770e25,ae06a7d9-3a3c-4886-bbb2-61c275650128,2025-08-31,4465,2025-08-21T17:27:10.073054+00:00
379,aec86c8f-11ae-455e-8789-3e4e54e41c22,2b141be2-5c85-4da4-99d9-ed7df7770e25,ae06a7d9-3a3c-4886-bbb2-61c275650128,2025-09-02,4724,2025-08-21T17:27:10.471543+00:00
380,9672c154-3aaa-4aa2-81fa-12572107fb41,2b141be2-5c85-4da4-99d9-ed7df7770e25,ae06a7d9-3a3c-4886-bbb2-61c275650128,2025-09-04,4724,2025-08-21T17:27:10.911297+00:00
381,e695ad87-54d9-4ae8-93b5-3cf8dc90c287,2b141be2-5c85-4da4-99d9-ed7df7770e25,ae06a7d9-3a3c-4886-bbb2-61c275650128,2025-09-06,5941,2025-08-21T17:27:11.332622+00:00
382,43b23427-c6f6-42c0-939e-21975dc2b1dd,2b141be2-5c85-4da4-99d9-ed7df7770e25,ae06a7d9-3a3c-4886-bbb2-61c275650128,2025-09-08,4724,2025-08-21T17:27:11.731007+00:00
383,1fa9a8d5-61a8-4fb8-a7da-73651a4db086,2b141be2-5c85-4da4-99d9-ed7df7770e25,ae06a7d9-3a3c-4886-bbb2-61c275650128,2025-09-10,4724,2025-08-21T17:27:12.131977+00:00
384,a61c195b-e4b3-43a1-b8b0-496de0d68791,2b141be2-5c85-4da4-99d9-ed7df7770e25,ae06a7d9-3a3c-4886-bbb2-61c275650128,2025-09-12,6089,2025-08-21T17:27:12.546916+00:00
385,841a8008-91b8-4a8f-aa92-500f6751231c,2b141be2-5c85-4da4-99d9-ed7df7770e25,ae06a7d9-3a3c-4886-bbb2-61c275650128,2025-09-14,6163,2025-08-21T17:27:12.964983+00:00
386,31a0bed9-9fa4-46a7-871f-7fe71eff8784,2b141be2-5c85-4da4-99d9-ed7df7770e25,ae06a7d9-3a3c-4886-bbb2-61c275650128,2025-09-16,4615,2025-08-21T17:27:13.352501+00:00
387,3f64b13f-1795-4ea9-9871-d20b50f2cac3,2b141be2-5c85-4da4-99d9-ed7df7770e25,ae06a7d9-3a3c-4886-bbb2-61c275650128,2025-09-18,4724,2025-08-21T17:27:13.778834+00:00
388,d2af21ef-f9fa-483e-9a0f-1b2190902deb,2b141be2-5c85-4da4-99d9-ed7df7770e25,ae06a7d9-3a3c-4886-bbb2-61c275650128,2025-09-20,5941,2025-08-21T17:27:14.176459+00:00
389,cf21d8e0-d11f-44ee-9cbe-a04f691238d8,2b141be2-5c85-4da4-99d9-ed7df7770e25,4e9b1741-6fd4-47ef-ad87-3faff6bd6e40,2025-08-22,21573,2025-08-21T17:27:42.199803+00:00
390,33d7c934-d38c-4ce4-829a-57c4b0b5407f,2b141be2-5c85-4da4-99d9-ed7df7770e25,4e9b1741-6fd4-47ef-ad87-3faff6bd6e40,2025-08-23,12716,2025-08-21T17:27:42.452383+00:00
391,9e8ad695-01ab-4113-9d5c-f044b4a8ba2e,2b141be2-5c85-4da4-99d9-ed7df7770e25,4e9b1741-6fd4-47ef-ad87-3faff6bd6e40,2025-08-24,11718,2025-08-21T17:27:42.654304+00:00
392,1afe5232-24b6-407c-965f-c101b27beab9,2b141be2-5c85-4da4-99d9-ed7df7770e25,4e9b1741-6fd4-47ef-ad87-3faff6bd6e40,2025-08-26,9460,2025-08-21T17:27:42.834929+00:00
393,fabbdcc9-d541-4e25-88df-ec3a5f7ff6b3,8dc99465-1d7f-4bab-87d0-43263d95f675,4e9b1741-6fd4-47ef-ad87-3faff6bd6e40,2025-08-22,4741,2025-08-21T17:27:44.652459+00:00
394,62deaafd-f3b8-4bae-83b8-a4a521bbac12,8dc99465-1d7f-4bab-87d0-43263d95f675,4e9b1741-6fd4-47ef-ad87-3faff6bd6e40,2025-08-23,5255,2025-08-21T17:27:44.902493+00:00
395,4aa4ea4b-4bdb-41c5-b326-10c109c571d3,8dc99465-1d7f-4bab-87d0-43263d95f675,4e9b1741-6fd4-47ef-ad87-3faff6bd6e40,2025-08-24,5675,2025-08-21T17:27:45.119235+00:00
396,28ae17b9-41c4-41f0-913a-fc4e11e86696,8dc99465-1d7f-4bab-87d0-43263d95f675,4e9b1741-6fd4-47ef-ad87-3faff6bd6e40,2025-08-25,5255,2025-08-21T17:27:45.317654+00:00
397,524ac22c-58ea-4acb-aa4a-64169b07a95c,8dc99465-1d7f-4bab-87d0-43263d95f675,4e9b1741-6fd4-47ef-ad87-3faff6bd6e40,2025-08-26,5255,2025-08-21T17:27:45.522617+00:00
398,b96991db-118b-4584-b661-0783e8e39a22,8dc99465-1d7f-4bab-87d0-43263d95f675,4e9b1741-6fd4-47ef-ad87-3faff6bd6e40,2025-08-27,5255,2025-08-21T17:27:45.721252+00:00
399,10d3978f-3e8c-447e-a505-97f7832c9003,db09886d-1af6-4daa-81cb-c70ec0c36b4d,4e9b1741-6fd4-47ef-ad87-3faff6bd6e40,2025-08-22,11053,2025-08-21T17:37:08.210159+00:00
400,0693f59b-be62-4bc4-8b38-752aa1ad0271,1a13131b-9d3b-463a-9510-c5f147e7394b,250e4577-2302-4f49-b806-11b574d83214,2025-11-11,5449,2025-10-25T18:47:30.912717+00:00
401,7819b7f2-2aaa-4c1c-9208-5aea7a87c921,db09886d-1af6-4daa-81cb-c70ec0c36b4d,ae06a7d9-3a3c-4886-bbb2-61c275650128,2025-09-21,6373,2025-08-21T17:38:40.967472+00:00
402,9809a5ac-0ea2-4070-838f-f6e514ce592e,1a13131b-9d3b-463a-9510-c5f147e7394b,250e4577-2302-4f49-b806-11b574d83214,2025-11-24,5449,2025-10-25T18:47:30.94895+00:00
403,62c0bd55-f139-4663-9006-c8f37eae96a6,2b141be2-5c85-4da4-99d9-ed7df7770e25,ae06a7d9-3a3c-4886-bbb2-61c275650128,2025-08-27,5844,2025-08-21T17:38:58.586834+00:00
404,604e0b7e-649a-4152-bc7d-1c519c4b374a,2b141be2-5c85-4da4-99d9-ed7df7770e25,4e9b1741-6fd4-47ef-ad87-3faff6bd6e40,2025-08-22,22591,2025-08-21T17:38:59.481343+00:00
405,0bf41c79-2fca-414e-9f49-d9eba5e386bd,464e28a6-3412-4a77-9030-b6b42b9a7d07,ae06a7d9-3a3c-4886-bbb2-61c275650128,2025-08-22,4066,2025-08-21T17:39:09.73072+00:00
406,23cbc7df-28b2-4c5e-b145-b96fcf881355,464e28a6-3412-4a77-9030-b6b42b9a7d07,ae06a7d9-3a3c-4886-bbb2-61c275650128,2025-08-23,3751,2025-08-21T17:39:10.019972+00:00
407,0b6eabb9-410d-4d52-9f6d-560ce6508018,464e28a6-3412-4a77-9030-b6b42b9a7d07,ae06a7d9-3a3c-4886-bbb2-61c275650128,2025-08-24,3751,2025-08-21T17:39:10.279152+00:00
408,0e4fb4a1-d4ad-468b-b626-27a0ecf76274,464e28a6-3412-4a77-9030-b6b42b9a7d07,ae06a7d9-3a3c-4886-bbb2-61c275650128,2025-08-25,3751,2025-08-21T17:39:10.470924+00:00
409,20f43175-af66-4d16-ae0e-877b761324ce,464e28a6-3412-4a77-9030-b6b42b9a7d07,ae06a7d9-3a3c-4886-bbb2-61c275650128,2025-08-26,3751,2025-08-21T17:39:10.623407+00:00
410,bc8e0c80-857d-4f32-b388-7f6496c43dda,464e28a6-3412-4a77-9030-b6b42b9a7d07,ae06a7d9-3a3c-4886-bbb2-61c275650128,2025-08-27,3751,2025-08-21T17:39:10.7873+00:00
411,b92cef65-d16c-452d-8d04-9a07e2a6fd47,2b141be2-5c85-4da4-99d9-ed7df7770e25,4e9b1741-6fd4-47ef-ad87-3faff6bd6e40,2025-10-24,21522,2025-10-24T04:51:47.589343+00:00
412,758933ca-3412-4dce-b9c7-c62c4d8c5b58,1cbf0f58-1cba-46d8-8eec-f9c0ec5acd1f,250e4577-2302-4f49-b806-11b574d83214,2025-10-31,6075,2025-10-25T18:47:22.17402+00:00
413,848fc3ef-f69e-4f92-8d95-7555acc802b3,1cbf0f58-1cba-46d8-8eec-f9c0ec5acd1f,ae06a7d9-3a3c-4886-bbb2-61c275650128,2025-10-29,5387,2025-10-25T18:47:22.891457+00:00
414,fd4b0d65-3d04-41d3-83dc-2e654541bd6e,81cb3285-717e-457e-adf7-839e1c2a7fee,4e9b1741-6fd4-47ef-ad87-3faff6bd6e40,2025-10-27,8146,2025-10-25T18:47:24.208919+00:00
415,b43f451a-01e6-4ca5-a155-5bd4cb88f85d,d947b640-2157-43a7-b48a-b8c24d4807b3,df66ebda-424a-4644-92e9-8ff34e3be56d,2025-10-27,8635,2025-10-25T18:47:24.522054+00:00
416,5f192fbf-ea77-4f45-baad-74c3a95a93f2,81cb3285-717e-457e-adf7-839e1c2a7fee,df66ebda-424a-4644-92e9-8ff34e3be56d,2025-11-14,3631,2025-10-25T18:47:25.058789+00:00
417,c7b72d5f-5a07-4d71-9139-4b431f7a754f,1cbf0f58-1cba-46d8-8eec-f9c0ec5acd1f,df66ebda-424a-4644-92e9-8ff34e3be56d,2025-10-26,8003,2025-10-25T18:47:25.377874+00:00
418,e9c15012-8bf6-4e2e-b7ce-6bea91778926,1cbf0f58-1cba-46d8-8eec-f9c0ec5acd1f,df66ebda-424a-4644-92e9-8ff34e3be56d,2025-11-06,5561,2025-10-25T18:47:25.755814+00:00
419,47f42656-da87-416c-9ce8-0d54d62dac24,464e28a6-3412-4a77-9030-b6b42b9a7d07,ae06a7d9-3a3c-4886-bbb2-61c275650128,2025-09-05,3751,2025-08-21T17:39:12.263489+00:00
420,e0c08f4b-f9db-4a24-8c36-a4d5c4182b5e,1cbf0f58-1cba-46d8-8eec-f9c0ec5acd1f,df66ebda-424a-4644-92e9-8ff34e3be56d,2025-11-14,6466,2025-10-25T18:47:26.031525+00:00
421,f5417bfb-e8b8-4d71-bf06-d30d52dd8d96,464e28a6-3412-4a77-9030-b6b42b9a7d07,ae06a7d9-3a3c-4886-bbb2-61c275650128,2025-09-07,3751,2025-08-21T17:39:12.58258+00:00
422,058d2acb-be20-4cbb-be28-57229bd1b2ec,f95680ab-0056-4d17-b6bf-312b5b51e017,df66ebda-424a-4644-92e9-8ff34e3be56d,2025-11-14,4316,2025-10-25T18:47:26.610135+00:00
423,f9acabdb-b44b-4402-84d8-fdfe8c42528c,464e28a6-3412-4a77-9030-b6b42b9a7d07,ae06a7d9-3a3c-4886-bbb2-61c275650128,2025-09-09,3751,2025-08-21T17:39:12.905666+00:00
424,fbeedc8e-378e-40a9-beca-421dac380745,018826e7-9fff-464d-b3ab-3f98a4f66e53,250e4577-2302-4f49-b806-11b574d83214,2025-11-07,3864,2025-10-25T18:47:28.046435+00:00
425,754e4830-f43e-400b-8b52-131843b514a6,464e28a6-3412-4a77-9030-b6b42b9a7d07,ae06a7d9-3a3c-4886-bbb2-61c275650128,2025-09-11,3751,2025-08-21T17:39:13.296334+00:00
426,af46389b-fe1f-466c-8ffe-9fb15f9ff1ae,464e28a6-3412-4a77-9030-b6b42b9a7d07,ae06a7d9-3a3c-4886-bbb2-61c275650128,2025-09-12,3751,2025-08-21T17:39:13.519931+00:00
427,3472abea-4537-40f1-9371-9416352f1838,464e28a6-3412-4a77-9030-b6b42b9a7d07,ae06a7d9-3a3c-4886-bbb2-61c275650128,2025-09-13,3751,2025-08-21T17:39:13.719094+00:00
428,dc224e35-1b9d-4e00-8de5-c8d79cc99f3b,464e28a6-3412-4a77-9030-b6b42b9a7d07,ae06a7d9-3a3c-4886-bbb2-61c275650128,2025-09-14,3751,2025-08-21T17:39:13.892249+00:00
429,7dfd981b-943c-4ebe-956d-26b04de69526,464e28a6-3412-4a77-9030-b6b42b9a7d07,ae06a7d9-3a3c-4886-bbb2-61c275650128,2025-09-15,3751,2025-08-21T17:39:14.060849+00:00
430,079b4d23-8f35-4aa8-a4f4-e6f2a9040eee,464e28a6-3412-4a77-9030-b6b42b9a7d07,ae06a7d9-3a3c-4886-bbb2-61c275650128,2025-09-16,3751,2025-08-21T17:39:14.227931+00:00
431,ba19bfbd-6a26-45a8-91ee-6aac9f6a49de,464e28a6-3412-4a77-9030-b6b42b9a7d07,ae06a7d9-3a3c-4886-bbb2-61c275650128,2025-09-17,3751,2025-08-21T17:39:14.402196+00:00
432,1bfcc83c-a324-4ff0-92e2-c1fb4069de86,464e28a6-3412-4a77-9030-b6b42b9a7d07,ae06a7d9-3a3c-4886-bbb2-61c275650128,2025-09-18,3856,2025-08-21T17:39:14.558902+00:00
433,ae4cd4c9-67cd-4ebd-b50a-72f2562a90d5,464e28a6-3412-4a77-9030-b6b42b9a7d07,ae06a7d9-3a3c-4886-bbb2-61c275650128,2025-09-19,3856,2025-08-21T17:39:14.719768+00:00
434,f6dbf733-316d-416e-b206-8c2f5bc0df04,464e28a6-3412-4a77-9030-b6b42b9a7d07,ae06a7d9-3a3c-4886-bbb2-61c275650128,2025-09-20,3856,2025-08-21T17:39:14.869371+00:00
435,3ebd4c3c-e8e6-4949-af09-094b0c6e75e6,464e28a6-3412-4a77-9030-b6b42b9a7d07,ae06a7d9-3a3c-4886-bbb2-61c275650128,2025-09-21,3856,2025-08-21T17:39:15.024868+00:00
436,db34c9a1-98da-413c-a163-a9e45f86ed91,c8099dfe-0d02-4ef6-a24f-ea1e0e9687fe,ae06a7d9-3a3c-4886-bbb2-61c275650128,2025-08-22,3205,2025-08-21T17:39:31.709448+00:00
437,d3a3c33c-b444-45af-bd59-fcdd6d2233cb,c8099dfe-0d02-4ef6-a24f-ea1e0e9687fe,ae06a7d9-3a3c-4886-bbb2-61c275650128,2025-08-24,3205,2025-08-21T17:39:32.099621+00:00
438,76c6c17b-eaf0-40b1-950e-495b5f983b3d,c8099dfe-0d02-4ef6-a24f-ea1e0e9687fe,ae06a7d9-3a3c-4886-bbb2-61c275650128,2025-08-26,3205,2025-08-21T17:39:32.486694+00:00
439,cf66de86-870e-4752-b4e5-3d7f6016df13,c8099dfe-0d02-4ef6-a24f-ea1e0e9687fe,ae06a7d9-3a3c-4886-bbb2-61c275650128,2025-08-28,3205,2025-08-21T17:39:32.833805+00:00
440,6f79384f-5791-4d1b-9edb-bb653f94c015,c8099dfe-0d02-4ef6-a24f-ea1e0e9687fe,ae06a7d9-3a3c-4886-bbb2-61c275650128,2025-08-30,3205,2025-08-21T17:39:33.237601+00:00
441,624945b4-4621-471c-aaaa-a6094026fcf0,c8099dfe-0d02-4ef6-a24f-ea1e0e9687fe,ae06a7d9-3a3c-4886-bbb2-61c275650128,2025-09-01,3205,2025-08-21T17:39:33.623174+00:00
442,586f2aaf-66a2-4699-ba23-2e483df22d88,c8099dfe-0d02-4ef6-a24f-ea1e0e9687fe,ae06a7d9-3a3c-4886-bbb2-61c275650128,2025-09-03,3205,2025-08-21T17:39:34.004247+00:00
443,837d1baa-a3f2-4212-a14c-245b8f7107d3,c8099dfe-0d02-4ef6-a24f-ea1e0e9687fe,ae06a7d9-3a3c-4886-bbb2-61c275650128,2025-09-05,3205,2025-08-21T17:39:34.386388+00:00
444,db8ae353-5696-47f4-9b04-2f16aba75b20,c8099dfe-0d02-4ef6-a24f-ea1e0e9687fe,ae06a7d9-3a3c-4886-bbb2-61c275650128,2025-09-07,3205,2025-08-21T17:39:34.727779+00:00
445,2b35eac8-8252-454a-9ac7-b93e564a5c7a,c8099dfe-0d02-4ef6-a24f-ea1e0e9687fe,ae06a7d9-3a3c-4886-bbb2-61c275650128,2025-09-09,3205,2025-08-21T17:39:35.044025+00:00
446,cd3aec25-1ed8-4ead-bef0-02fc494a04c5,c8099dfe-0d02-4ef6-a24f-ea1e0e9687fe,ae06a7d9-3a3c-4886-bbb2-61c275650128,2025-09-11,3205,2025-08-21T17:39:35.381904+00:00
447,cecb3405-2a56-423b-b6ee-4c4809f20bc3,c8099dfe-0d02-4ef6-a24f-ea1e0e9687fe,ae06a7d9-3a3c-4886-bbb2-61c275650128,2025-09-13,3205,2025-08-21T17:39:35.743589+00:00
448,a06a84d1-74ad-40e7-9ab0-304c3086df62,c8099dfe-0d02-4ef6-a24f-ea1e0e9687fe,ae06a7d9-3a3c-4886-bbb2-61c275650128,2025-09-15,3205,2025-08-21T17:39:36.063023+00:00
449,71e6266d-e8b1-4411-a76a-6622d580b447,c8099dfe-0d02-4ef6-a24f-ea1e0e9687fe,ae06a7d9-3a3c-4886-bbb2-61c275650128,2025-09-17,3205,2025-08-21T17:39:36.379206+00:00
450,29893cff-6622-420d-a5b1-f6c4665a3c36,c8099dfe-0d02-4ef6-a24f-ea1e0e9687fe,ae06a7d9-3a3c-4886-bbb2-61c275650128,2025-09-19,3205,2025-08-21T17:39:36.691502+00:00
451,61ec227c-958c-4edf-bd28-be55167b4f91,c8099dfe-0d02-4ef6-a24f-ea1e0e9687fe,ae06a7d9-3a3c-4886-bbb2-61c275650128,2025-09-21,3205,2025-08-21T17:39:37.039714+00:00
452,3adae781-bc05-4468-b844-ad7815a48c6d,fcac0d40-d350-46b7-b2b6-e36851adc3b8,ae06a7d9-3a3c-4886-bbb2-61c275650128,2025-08-23,3753,2025-08-21T17:39:55.62946+00:00
453,adfaa620-b92a-4ea1-a1e0-9d585c9e3bbb,fcac0d40-d350-46b7-b2b6-e36851adc3b8,ae06a7d9-3a3c-4886-bbb2-61c275650128,2025-08-25,3042,2025-08-21T17:39:55.996068+00:00
454,ebc06876-43ca-4cf1-9804-16df232856ef,fcac0d40-d350-46b7-b2b6-e36851adc3b8,ae06a7d9-3a3c-4886-bbb2-61c275650128,2025-08-27,2873,2025-08-21T17:39:56.430295+00:00
455,a3aa53c3-2dcf-4971-b934-a9f265af63ed,fcac0d40-d350-46b7-b2b6-e36851adc3b8,ae06a7d9-3a3c-4886-bbb2-61c275650128,2025-08-29,2873,2025-08-21T17:39:56.864785+00:00
456,badd2a00-d484-4189-8b22-a8d0d19bd4a2,fcac0d40-d350-46b7-b2b6-e36851adc3b8,ae06a7d9-3a3c-4886-bbb2-61c275650128,2025-08-31,2873,2025-08-21T17:39:57.374331+00:00
457,82fdcf26-a92f-40d7-836c-838b068daa1d,fcac0d40-d350-46b7-b2b6-e36851adc3b8,ae06a7d9-3a3c-4886-bbb2-61c275650128,2025-09-02,3042,2025-08-21T17:39:57.77481+00:00
458,4ab465aa-058b-46ed-888a-35bd4e5895be,fcac0d40-d350-46b7-b2b6-e36851adc3b8,ae06a7d9-3a3c-4886-bbb2-61c275650128,2025-09-04,2873,2025-08-21T17:39:58.289492+00:00
459,b0502cac-547e-4def-8c1c-f4b9d5cefb5a,fcac0d40-d350-46b7-b2b6-e36851adc3b8,ae06a7d9-3a3c-4886-bbb2-61c275650128,2025-09-06,2873,2025-08-21T17:39:58.663088+00:00
460,906f5f53-cc3a-417d-831d-5991818c1d00,fcac0d40-d350-46b7-b2b6-e36851adc3b8,ae06a7d9-3a3c-4886-bbb2-61c275650128,2025-09-08,2873,2025-08-21T17:39:58.998124+00:00
461,bc9c8aeb-ec79-41a8-a0f0-9de1836e0b4c,fcac0d40-d350-46b7-b2b6-e36851adc3b8,ae06a7d9-3a3c-4886-bbb2-61c275650128,2025-09-10,2873,2025-08-21T17:39:59.420154+00:00
462,80e07fe7-89dc-4576-bcca-a8fbd79b10d7,fcac0d40-d350-46b7-b2b6-e36851adc3b8,ae06a7d9-3a3c-4886-bbb2-61c275650128,2025-09-12,2873,2025-08-21T17:39:59.828906+00:00
463,f782fb98-34ae-445b-8af2-07ad3564a849,fcac0d40-d350-46b7-b2b6-e36851adc3b8,ae06a7d9-3a3c-4886-bbb2-61c275650128,2025-09-14,2873,2025-08-21T17:40:00.242237+00:00
464,61241d8f-e7f5-4260-aa37-c99b2fb50af9,fcac0d40-d350-46b7-b2b6-e36851adc3b8,ae06a7d9-3a3c-4886-bbb2-61c275650128,2025-09-16,2873,2025-08-21T17:40:00.648754+00:00
465,52f08a00-d831-4a10-ba9d-eae1e6376c7a,fcac0d40-d350-46b7-b2b6-e36851adc3b8,ae06a7d9-3a3c-4886-bbb2-61c275650128,2025-09-18,2873,2025-08-21T17:40:01.026138+00:00
466,34da0e2b-62e3-4fa9-9fb7-1098dabdfd66,fcac0d40-d350-46b7-b2b6-e36851adc3b8,ae06a7d9-3a3c-4886-bbb2-61c275650128,2025-09-20,2873,2025-08-21T17:40:01.484418+00:00
467,8081ce8d-93f9-4ff1-8bba-5d84d7177e6e,1a13131b-9d3b-463a-9510-c5f147e7394b,250e4577-2302-4f49-b806-11b574d83214,2025-11-03,5449,2025-10-25T18:47:30.860243+00:00
468,3fdd57e2-7c95-4be0-a2a2-d083205c84a7,1a13131b-9d3b-463a-9510-c5f147e7394b,250e4577-2302-4f49-b806-11b574d83214,2025-11-06,5449,2025-10-25T18:47:30.894531+00:00
469,effef04e-c09b-41dc-bb31-a63605d7906c,1a13131b-9d3b-463a-9510-c5f147e7394b,250e4577-2302-4f49-b806-11b574d83214,2025-11-18,5449,2025-10-25T18:47:30.929586+00:00
470,ddfe4661-b05e-4674-a728-0c6f3fdaa45f,1a13131b-9d3b-463a-9510-c5f147e7394b,ae06a7d9-3a3c-4886-bbb2-61c275650128,2025-10-30,5032,2025-10-25T18:47:39.742017+00:00
471,98486235-8516-4556-8e7e-ed959a0d8221,1a13131b-9d3b-463a-9510-c5f147e7394b,ae06a7d9-3a3c-4886-bbb2-61c275650128,2025-11-09,6176,2025-10-25T18:47:40.534931+00:00
472,318d5cf1-1278-446c-a04e-80f2b945a4c2,8dc99465-1d7f-4bab-87d0-43263d95f675,ae06a7d9-3a3c-4886-bbb2-61c275650128,2025-09-06,4822,2025-08-30T06:06:41.65391+00:00
473,cac0f658-a0e1-4f57-8817-e5d3c81992bb,8dc99465-1d7f-4bab-87d0-43263d95f675,4e9b1741-6fd4-47ef-ad87-3faff6bd6e40,2025-08-31,4625,2025-08-30T06:06:41.846967+00:00
474,f933a892-0a4b-4b57-93bb-39daae67d9a4,8dc99465-1d7f-4bab-87d0-43263d95f675,4e9b1741-6fd4-47ef-ad87-3faff6bd6e40,2025-09-01,4625,2025-08-30T06:06:41.974069+00:00
475,0ff335bd-152c-4bc6-ad91-f3fa55f47ef9,8dc99465-1d7f-4bab-87d0-43263d95f675,4e9b1741-6fd4-47ef-ad87-3faff6bd6e40,2025-09-03,4625,2025-08-30T06:06:42.361601+00:00
476,17834981-ceb5-4581-9132-139a644e95aa,8dc99465-1d7f-4bab-87d0-43263d95f675,ae06a7d9-3a3c-4886-bbb2-61c275650128,2025-09-17,4631,2025-08-30T06:06:43.273898+00:00
477,ad398bde-a6e8-48f6-9fc5-67a057f19cff,8dc99465-1d7f-4bab-87d0-43263d95f675,ae06a7d9-3a3c-4886-bbb2-61c275650128,2025-09-19,4798,2025-08-30T06:06:43.488439+00:00
478,735252a6-11fe-4371-b383-b070a1f8e7dd,8dc99465-1d7f-4bab-87d0-43263d95f675,ae06a7d9-3a3c-4886-bbb2-61c275650128,2025-09-21,6319,2025-08-30T06:06:43.691288+00:00
479,e40b2adf-fc65-4546-941c-11631cbcb17e,8dc99465-1d7f-4bab-87d0-43263d95f675,ae06a7d9-3a3c-4886-bbb2-61c275650128,2025-09-23,5973,2025-08-30T06:06:43.902781+00:00
480,418f9795-1cab-4939-b949-1cf6280c05af,8dc99465-1d7f-4bab-87d0-43263d95f675,ae06a7d9-3a3c-4886-bbb2-61c275650128,2025-09-25,5973,2025-08-30T06:06:44.097651+00:00
481,2c6d6fa7-dfb2-41b3-950a-11fe14bf52d3,8dc99465-1d7f-4bab-87d0-43263d95f675,ae06a7d9-3a3c-4886-bbb2-61c275650128,2025-09-27,10177,2025-08-30T06:06:44.302542+00:00
482,af4125fb-127a-4b14-b1e1-b38074427d33,8dc99465-1d7f-4bab-87d0-43263d95f675,ae06a7d9-3a3c-4886-bbb2-61c275650128,2025-09-29,5973,2025-08-30T06:06:44.512683+00:00
483,1ab9fb0e-f6b2-4f41-b219-cfe93e06cc64,d2e482af-cddf-493a-ba4a-151d68dab915,250e4577-2302-4f49-b806-11b574d83214,2025-10-27,20786,2025-10-25T18:47:42.968206+00:00
484,00aa8459-5ddd-4bc0-a3e2-79bbe5022d0e,d2e482af-cddf-493a-ba4a-151d68dab915,250e4577-2302-4f49-b806-11b574d83214,2025-11-01,7532,2025-10-25T18:47:43.015961+00:00
485,3a7a0032-0b0d-4485-a3bc-7a44495fdd97,018826e7-9fff-464d-b3ab-3f98a4f66e53,ae06a7d9-3a3c-4886-bbb2-61c275650128,2025-10-27,11761,2025-10-25T18:47:52.449026+00:00
486,968e913b-86d8-4a2b-8381-d6d0b8e2942e,2b141be2-5c85-4da4-99d9-ed7df7770e25,4e9b1741-6fd4-47ef-ad87-3faff6bd6e40,2025-10-25,13332,2025-10-24T04:51:47.656027+00:00
487,b416b186-9330-45d9-ace8-ad86b2804d5d,1cbf0f58-1cba-46d8-8eec-f9c0ec5acd1f,250e4577-2302-4f49-b806-11b574d83214,2025-11-08,6075,2025-10-25T18:47:22.476625+00:00
488,3bdd4516-169c-4b68-ba0d-8457bbda176b,1cbf0f58-1cba-46d8-8eec-f9c0ec5acd1f,250e4577-2302-4f49-b806-11b574d83214,2025-11-22,6129,2025-10-25T18:47:22.531926+00:00
489,558503b0-684a-4bd6-95f8-9ba028731c25,d947b640-2157-43a7-b48a-b8c24d4807b3,250e4577-2302-4f49-b806-11b574d83214,2025-11-26,4744,2025-10-25T18:47:23.127365+00:00
490,d4a95641-b34a-4014-a1c5-8f403b659503,81cb3285-717e-457e-adf7-839e1c2a7fee,df66ebda-424a-4644-92e9-8ff34e3be56d,2025-10-26,10191,2025-10-25T18:47:24.409383+00:00
491,b2d36016-c6af-4976-99cf-0e61f8a1a537,464e28a6-3412-4a77-9030-b6b42b9a7d07,ae06a7d9-3a3c-4886-bbb2-61c275650128,2025-08-28,3751,2025-08-21T17:39:10.964979+00:00
492,715047be-53a1-41b5-9ec5-6802c13a6ac7,464e28a6-3412-4a77-9030-b6b42b9a7d07,ae06a7d9-3a3c-4886-bbb2-61c275650128,2025-08-29,3751,2025-08-21T17:39:11.130768+00:00
493,1c835439-5a77-42bd-a2f5-c644d53fa171,464e28a6-3412-4a77-9030-b6b42b9a7d07,ae06a7d9-3a3c-4886-bbb2-61c275650128,2025-08-30,3751,2025-08-21T17:39:11.284642+00:00
494,00ab02fb-045b-47cd-ab55-d3cae529af1c,464e28a6-3412-4a77-9030-b6b42b9a7d07,ae06a7d9-3a3c-4886-bbb2-61c275650128,2025-08-31,3856,2025-08-21T17:39:11.445289+00:00
495,108588cf-f567-4963-b630-09a9c3f9db48,464e28a6-3412-4a77-9030-b6b42b9a7d07,ae06a7d9-3a3c-4886-bbb2-61c275650128,2025-09-01,4052,2025-08-21T17:39:11.596581+00:00
496,70ec06e4-1a20-4597-a69c-8d7ff6a5ffc3,464e28a6-3412-4a77-9030-b6b42b9a7d07,ae06a7d9-3a3c-4886-bbb2-61c275650128,2025-09-02,3751,2025-08-21T17:39:11.751354+00:00
497,a7925c5f-6a94-4023-9d39-6566a474fc6d,464e28a6-3412-4a77-9030-b6b42b9a7d07,ae06a7d9-3a3c-4886-bbb2-61c275650128,2025-09-03,3751,2025-08-21T17:39:11.925883+00:00
498,da41aec1-24d2-4e4e-9922-528cafaa42fe,464e28a6-3412-4a77-9030-b6b42b9a7d07,ae06a7d9-3a3c-4886-bbb2-61c275650128,2025-09-04,3751,2025-08-21T17:39:12.107363+00:00
499,3561a36c-3940-4ed3-ad2e-fab19d6e0634,81cb3285-717e-457e-adf7-839e1c2a7fee,df66ebda-424a-4644-92e9-8ff34e3be56d,2025-11-06,3523,2025-10-25T18:47:24.801889+00:00
500,75ab0b1d-633f-4d1b-83c1-c1cb2f56943e,464e28a6-3412-4a77-9030-b6b42b9a7d07,ae06a7d9-3a3c-4886-bbb2-61c275650128,2025-09-06,3751,2025-08-21T17:39:12.417187+00:00
501,d9be711a-c5c1-4cea-8669-2e5dcb099a38,81cb3285-717e-457e-adf7-839e1c2a7fee,df66ebda-424a-4644-92e9-8ff34e3be56d,2025-11-22,3198,2025-10-25T18:47:25.306115+00:00
502,31c8757a-90a1-4a44-8817-5c0081f432e9,464e28a6-3412-4a77-9030-b6b42b9a7d07,ae06a7d9-3a3c-4886-bbb2-61c275650128,2025-09-08,3751,2025-08-21T17:39:12.727692+00:00
503,33fbef58-7e76-4e09-aa0e-86f91568f96b,81cb3285-717e-457e-adf7-839e1c2a7fee,df66ebda-424a-4644-92e9-8ff34e3be56d,2025-11-26,3000,2025-10-25T18:47:25.432525+00:00
504,7cdf0b54-75d0-4764-a510-2ab5494d421e,464e28a6-3412-4a77-9030-b6b42b9a7d07,ae06a7d9-3a3c-4886-bbb2-61c275650128,2025-09-10,3751,2025-08-21T17:39:13.068284+00:00
505,7a23c544-b028-46b0-b9a7-7bfbdcd47c36,d947b640-2157-43a7-b48a-b8c24d4807b3,df66ebda-424a-4644-92e9-8ff34e3be56d,2025-11-26,3200,2025-10-25T18:47:25.586737+00:00
506,a86c6db1-b53a-4061-9c53-d495be2935f5,f95680ab-0056-4d17-b6bf-312b5b51e017,df66ebda-424a-4644-92e9-8ff34e3be56d,2025-10-30,5393,2025-10-25T18:47:26.121111+00:00
507,a8dd178e-c8c2-4059-aa1b-1003d6c56ae3,d947b640-2157-43a7-b48a-b8c24d4807b3,ae06a7d9-3a3c-4886-bbb2-61c275650128,2025-10-28,6504,2025-10-25T18:47:26.720907+00:00
508,4583e912-dc13-4f1d-ba17-0fd52639c700,018826e7-9fff-464d-b3ab-3f98a4f66e53,250e4577-2302-4f49-b806-11b574d83214,2025-10-29,6904,2025-10-25T18:47:28.000998+00:00
509,1aec4fab-39b9-451d-829b-a53c6d439bd4,1a13131b-9d3b-463a-9510-c5f147e7394b,250e4577-2302-4f49-b806-11b574d83214,2025-10-27,7458,2025-10-25T18:47:30.853811+00:00
510,06ec582b-16f1-4807-8fc5-7de68a832e2d,1a13131b-9d3b-463a-9510-c5f147e7394b,250e4577-2302-4f49-b806-11b574d83214,2025-11-05,5449,2025-10-25T18:47:30.889581+00:00
511,501ad9e6-ef48-4276-bb4f-be340c6481f3,1a13131b-9d3b-463a-9510-c5f147e7394b,250e4577-2302-4f49-b806-11b574d83214,2025-11-15,5449,2025-10-25T18:47:30.916789+00:00
512,70baae64-c92b-4296-8c7c-f3069a7eb2e3,1a13131b-9d3b-463a-9510-c5f147e7394b,250e4577-2302-4f49-b806-11b574d83214,2025-11-25,5449,2025-10-25T18:47:30.948529+00:00
513,755c9afd-8783-4772-ba36-a5849eefe6ef,1a13131b-9d3b-463a-9510-c5f147e7394b,ae06a7d9-3a3c-4886-bbb2-61c275650128,2025-10-27,6855,2025-10-25T18:47:39.501498+00:00
514,570203e0-8ec3-4c88-b33d-ac00307ca22d,1a13131b-9d3b-463a-9510-c5f147e7394b,ae06a7d9-3a3c-4886-bbb2-61c275650128,2025-11-26,5071,2025-10-25T18:47:41.287419+00:00
515,36e5d851-b39e-457c-a7b6-9dd1e1b164e8,d2e482af-cddf-493a-ba4a-151d68dab915,250e4577-2302-4f49-b806-11b574d83214,2025-10-26,26909,2025-10-25T18:47:43.011229+00:00
516,1ff83c4e-c7e6-4da4-a796-b87bdf65d72d,d2e482af-cddf-493a-ba4a-151d68dab915,ae06a7d9-3a3c-4886-bbb2-61c275650128,2025-11-01,7553,2025-10-25T18:47:48.542628+00:00
517,b0efd81e-40d6-4b5c-b23c-6064786ce10c,c8099dfe-0d02-4ef6-a24f-ea1e0e9687fe,ae06a7d9-3a3c-4886-bbb2-61c275650128,2025-08-23,3205,2025-08-21T17:39:31.913491+00:00
518,aa2a5ce3-93a2-4f81-9837-75f6961103b6,c8099dfe-0d02-4ef6-a24f-ea1e0e9687fe,ae06a7d9-3a3c-4886-bbb2-61c275650128,2025-08-25,3205,2025-08-21T17:39:32.266436+00:00
519,5c2af542-57f8-464b-882e-279d3e3d481a,c8099dfe-0d02-4ef6-a24f-ea1e0e9687fe,ae06a7d9-3a3c-4886-bbb2-61c275650128,2025-08-27,3205,2025-08-21T17:39:32.658835+00:00
520,1421837f-bcc6-4cf0-a09a-abdd720ece37,c8099dfe-0d02-4ef6-a24f-ea1e0e9687fe,ae06a7d9-3a3c-4886-bbb2-61c275650128,2025-08-29,3205,2025-08-21T17:39:33.046337+00:00
521,0445aae6-e483-4b66-94c8-6a196a752f11,c8099dfe-0d02-4ef6-a24f-ea1e0e9687fe,ae06a7d9-3a3c-4886-bbb2-61c275650128,2025-08-31,3205,2025-08-21T17:39:33.428734+00:00
522,1635a73a-fce1-4db3-8acc-55c238b60ca7,c8099dfe-0d02-4ef6-a24f-ea1e0e9687fe,ae06a7d9-3a3c-4886-bbb2-61c275650128,2025-09-02,3205,2025-08-21T17:39:33.80494+00:00
523,ddb90e5f-3a0e-4a48-82a5-f039d7494b3b,c8099dfe-0d02-4ef6-a24f-ea1e0e9687fe,ae06a7d9-3a3c-4886-bbb2-61c275650128,2025-09-04,3205,2025-08-21T17:39:34.219272+00:00
524,9e194e0a-9741-4211-93ca-5a355f7dd473,c8099dfe-0d02-4ef6-a24f-ea1e0e9687fe,ae06a7d9-3a3c-4886-bbb2-61c275650128,2025-09-06,3205,2025-08-21T17:39:34.547263+00:00
525,96d66585-0685-418a-ab13-52078c85cb0c,c8099dfe-0d02-4ef6-a24f-ea1e0e9687fe,ae06a7d9-3a3c-4886-bbb2-61c275650128,2025-09-08,3205,2025-08-21T17:39:34.882125+00:00
526,34ca2e29-2315-4dee-9771-f677973009b8,c8099dfe-0d02-4ef6-a24f-ea1e0e9687fe,ae06a7d9-3a3c-4886-bbb2-61c275650128,2025-09-10,3205,2025-08-21T17:39:35.216229+00:00
527,f49e9912-907b-43ca-b6d7-6c5ad9002149,c8099dfe-0d02-4ef6-a24f-ea1e0e9687fe,ae06a7d9-3a3c-4886-bbb2-61c275650128,2025-09-12,3205,2025-08-21T17:39:35.561931+00:00
528,270e3d02-d287-4bd1-904d-10ecfb816152,c8099dfe-0d02-4ef6-a24f-ea1e0e9687fe,ae06a7d9-3a3c-4886-bbb2-61c275650128,2025-09-14,3205,2025-08-21T17:39:35.896846+00:00
529,6517b6de-fee1-4873-8ca0-4273c8769be3,c8099dfe-0d02-4ef6-a24f-ea1e0e9687fe,ae06a7d9-3a3c-4886-bbb2-61c275650128,2025-09-16,3205,2025-08-21T17:39:36.211778+00:00
530,2e67175c-6e0b-4785-a415-ec683e437727,c8099dfe-0d02-4ef6-a24f-ea1e0e9687fe,ae06a7d9-3a3c-4886-bbb2-61c275650128,2025-09-18,3205,2025-08-21T17:39:36.539504+00:00
531,6414fbe8-cfc2-48f3-89c7-393da200bbff,c8099dfe-0d02-4ef6-a24f-ea1e0e9687fe,ae06a7d9-3a3c-4886-bbb2-61c275650128,2025-09-20,3205,2025-08-21T17:39:36.857312+00:00
532,66a63b01-6fd8-41e8-b5cf-4b2981db24f9,fcac0d40-d350-46b7-b2b6-e36851adc3b8,ae06a7d9-3a3c-4886-bbb2-61c275650128,2025-08-22,7767,2025-08-21T17:39:55.459154+00:00
533,a4cfac81-c084-4dd7-90c9-ba03b6ba9923,fcac0d40-d350-46b7-b2b6-e36851adc3b8,ae06a7d9-3a3c-4886-bbb2-61c275650128,2025-08-24,2873,2025-08-21T17:39:55.830221+00:00
534,a83dadc5-5e04-4e3d-a829-40c918472752,fcac0d40-d350-46b7-b2b6-e36851adc3b8,ae06a7d9-3a3c-4886-bbb2-61c275650128,2025-08-26,3042,2025-08-21T17:39:56.24003+00:00
535,517cbc1b-8a12-4b1e-8dcf-bb31289fd7e0,fcac0d40-d350-46b7-b2b6-e36851adc3b8,ae06a7d9-3a3c-4886-bbb2-61c275650128,2025-08-28,2873,2025-08-21T17:39:56.651959+00:00
536,8b6e42f5-aafb-414c-a769-a4fab8731ffa,fcac0d40-d350-46b7-b2b6-e36851adc3b8,ae06a7d9-3a3c-4886-bbb2-61c275650128,2025-08-30,2873,2025-08-21T17:39:57.088059+00:00
537,73ac9fe6-8a7a-44f4-a713-81b9a511770a,fcac0d40-d350-46b7-b2b6-e36851adc3b8,ae06a7d9-3a3c-4886-bbb2-61c275650128,2025-09-01,2986,2025-08-21T17:39:57.558625+00:00
538,f7588d76-4d24-4738-875f-d4defc26ff01,fcac0d40-d350-46b7-b2b6-e36851adc3b8,ae06a7d9-3a3c-4886-bbb2-61c275650128,2025-09-03,2873,2025-08-21T17:39:58.047225+00:00
539,3aae5ad6-6815-4754-a297-a4a01dc966d0,fcac0d40-d350-46b7-b2b6-e36851adc3b8,ae06a7d9-3a3c-4886-bbb2-61c275650128,2025-09-05,2873,2025-08-21T17:39:58.501495+00:00
540,7ece1a4f-6ff7-4944-943f-8f8a7dd74c2c,fcac0d40-d350-46b7-b2b6-e36851adc3b8,ae06a7d9-3a3c-4886-bbb2-61c275650128,2025-09-07,2873,2025-08-21T17:39:58.820231+00:00
541,e98bf1e1-6b6e-406f-b04e-f1238650d594,fcac0d40-d350-46b7-b2b6-e36851adc3b8,ae06a7d9-3a3c-4886-bbb2-61c275650128,2025-09-09,2873,2025-08-21T17:39:59.215414+00:00
542,715d130b-21fa-4072-b9ed-8734b91f4f71,fcac0d40-d350-46b7-b2b6-e36851adc3b8,ae06a7d9-3a3c-4886-bbb2-61c275650128,2025-09-11,2873,2025-08-21T17:39:59.625799+00:00
543,2f1b3bd6-8427-47fb-aea9-f14d47e507ae,fcac0d40-d350-46b7-b2b6-e36851adc3b8,ae06a7d9-3a3c-4886-bbb2-61c275650128,2025-09-13,2873,2025-08-21T17:40:00.039341+00:00
544,fc52984f-7011-4aac-bebd-280942a7f10d,fcac0d40-d350-46b7-b2b6-e36851adc3b8,ae06a7d9-3a3c-4886-bbb2-61c275650128,2025-09-15,3042,2025-08-21T17:40:00.437826+00:00
545,98679ef9-c157-4aa0-9b77-1cc6e3549288,fcac0d40-d350-46b7-b2b6-e36851adc3b8,ae06a7d9-3a3c-4886-bbb2-61c275650128,2025-09-17,3083,2025-08-21T17:40:00.815419+00:00
546,8bf54456-672f-4e39-8a98-2841ba292b7b,fcac0d40-d350-46b7-b2b6-e36851adc3b8,ae06a7d9-3a3c-4886-bbb2-61c275650128,2025-09-19,2873,2025-08-21T17:40:01.269201+00:00
547,5e346d91-1fea-4835-b719-9f326e2bb455,fcac0d40-d350-46b7-b2b6-e36851adc3b8,ae06a7d9-3a3c-4886-bbb2-61c275650128,2025-09-21,3083,2025-08-21T17:40:01.685732+00:00
548,ac8fcbb7-054e-4ddf-90fb-fd66352b5d8f,018826e7-9fff-464d-b3ab-3f98a4f66e53,ae06a7d9-3a3c-4886-bbb2-61c275650128,2025-10-30,4936,2025-10-25T18:47:52.551783+00:00
549,3c3be213-d4ad-4c67-80b4-7fa8f3c5b4fb,45b9757b-26ec-4382-996d-cd15827092d0,250e4577-2302-4f49-b806-11b574d83214,2025-10-26,18455,2025-10-25T18:47:54.820843+00:00
550,c25976bc-1d1e-41bd-b304-faded3ca8773,81cb3285-717e-457e-adf7-839e1c2a7fee,ae06a7d9-3a3c-4886-bbb2-61c275650128,2025-10-27,5730,2025-10-25T18:47:57.451824+00:00
551,ebac3bf6-8ebe-41d5-bd3d-002b33246ba3,45b9757b-26ec-4382-996d-cd15827092d0,df66ebda-424a-4644-92e9-8ff34e3be56d,2025-10-28,14324,2025-10-25T18:47:59.135167+00:00
552,4f40538d-db42-4149-879a-066ff815e8aa,45b9757b-26ec-4382-996d-cd15827092d0,df66ebda-424a-4644-92e9-8ff34e3be56d,2025-10-31,8653,2025-10-25T18:47:59.250484+00:00
553,140c5b78-1063-4596-b7ef-e215b3923682,45b9757b-26ec-4382-996d-cd15827092d0,df66ebda-424a-4644-92e9-8ff34e3be56d,2025-11-04,8389,2025-10-25T18:47:59.406896+00:00
554,72d2458f-793a-429b-bb1e-0471fc79e1ba,4c86c598-d7f1-4ad1-8752-f787b957950d,250e4577-2302-4f49-b806-11b574d83214,2025-10-26,7449,2025-10-25T18:47:59.798014+00:00
555,14514fe8-4d65-4870-86ac-1e479f14e530,248c6414-538b-41de-820c-e45a78dd2057,250e4577-2302-4f49-b806-11b574d83214,2025-11-12,7844,2025-10-25T18:48:00.956589+00:00
556,c5edd633-2d6b-4a37-ae03-3cc7edb0775f,248c6414-538b-41de-820c-e45a78dd2057,250e4577-2302-4f49-b806-11b574d83214,2025-11-21,7844,2025-10-25T18:48:00.993513+00:00
557,a929e7df-04f6-4144-8866-f350798b7337,1a13131b-9d3b-463a-9510-c5f147e7394b,4e9b1741-6fd4-47ef-ad87-3faff6bd6e40,2025-10-31,8291,2025-10-25T18:48:01.710831+00:00
558,699801c4-01df-43f9-a90e-da212619e128,0fda54ea-aed0-45b6-966e-ee23bee9bb89,250e4577-2302-4f49-b806-11b574d83214,2025-11-21,6598,2025-10-25T18:48:02.335499+00:00
559,df5029a8-3351-4321-bce9-6ec903bc8860,1213a742-5121-4c1e-b2f8-6be2a05e31e2,df66ebda-424a-4644-92e9-8ff34e3be56d,2025-11-12,5267,2025-10-25T18:48:03.095013+00:00
560,b1b4d5fe-d2b7-4866-8607-f60c82edc03d,0fda54ea-aed0-45b6-966e-ee23bee9bb89,df66ebda-424a-4644-92e9-8ff34e3be56d,2025-10-28,14966,2025-10-25T18:48:04.001334+00:00
561,fe1e0566-bd51-44b3-b3ef-8d61250610c3,248c6414-538b-41de-820c-e45a78dd2057,df66ebda-424a-4644-92e9-8ff34e3be56d,2025-10-28,16324,2025-10-25T18:48:04.898336+00:00
562,ec749cb5-4bb0-4432-8ba6-fe42bbb033fa,248c6414-538b-41de-820c-e45a78dd2057,df66ebda-424a-4644-92e9-8ff34e3be56d,2025-11-16,8586,2025-10-25T18:48:05.446837+00:00
563,5daab63b-a352-4e1b-8062-136d58995af4,1213a742-5121-4c1e-b2f8-6be2a05e31e2,ae06a7d9-3a3c-4886-bbb2-61c275650128,2025-10-26,7185,2025-10-25T18:48:07.797365+00:00
564,6ef45486-e9a4-4db6-aafd-42c74334d148,db09886d-1af6-4daa-81cb-c70ec0c36b4d,250e4577-2302-4f49-b806-11b574d83214,2025-11-09,7849,2025-10-25T18:48:10.105559+00:00
565,0fc15cf0-8580-4d9d-a698-09b2151dea6f,db09886d-1af6-4daa-81cb-c70ec0c36b4d,df66ebda-424a-4644-92e9-8ff34e3be56d,2025-11-03,7641,2025-10-25T18:48:15.107559+00:00
566,f5670e02-b335-40b3-9dec-e65658db5396,db09886d-1af6-4daa-81cb-c70ec0c36b4d,ae06a7d9-3a3c-4886-bbb2-61c275650128,2025-10-26,12681,2025-10-25T18:48:29.393152+00:00
567,246d6027-9a4c-46f1-8b41-faf870b8af1c,2b141be2-5c85-4da4-99d9-ed7df7770e25,ae06a7d9-3a3c-4886-bbb2-61c275650128,2025-10-26,7913,2025-10-24T04:52:22.068885+00:00
568,5a3de417-2e83-469a-b06a-96bbb739a333,464e28a6-3412-4a77-9030-b6b42b9a7d07,ae06a7d9-3a3c-4886-bbb2-61c275650128,2025-10-26,5483,2025-10-24T04:52:29.328171+00:00
569,f38b3fe0-fcd8-499c-af01-26ffbe3454f6,464e28a6-3412-4a77-9030-b6b42b9a7d07,df66ebda-424a-4644-92e9-8ff34e3be56d,2025-10-25,5017,2025-10-24T04:52:32.053063+00:00
570,bc830491-defe-465a-a8cd-adf3b91f5f69,464e28a6-3412-4a77-9030-b6b42b9a7d07,df66ebda-424a-4644-92e9-8ff34e3be56d,2025-10-28,4508,2025-10-24T04:52:32.180074+00:00
571,ac4a488a-8dba-438e-83c3-eed85f7d65b0,464e28a6-3412-4a77-9030-b6b42b9a7d07,df66ebda-424a-4644-92e9-8ff34e3be56d,2025-10-30,5017,2025-10-24T04:52:32.263069+00:00
572,39b4d827-03a5-474f-8d14-910f13807080,464e28a6-3412-4a77-9030-b6b42b9a7d07,df66ebda-424a-4644-92e9-8ff34e3be56d,2025-11-01,4391,2025-10-24T04:52:32.342516+00:00
573,33af7591-2a86-4126-87cc-002efbf46033,8dc99465-1d7f-4bab-87d0-43263d95f675,ae06a7d9-3a3c-4886-bbb2-61c275650128,2025-08-22,4822,2025-08-21T17:40:28.08059+00:00
574,cd0b0ca6-da06-454d-a169-c31f61fa9e28,8dc99465-1d7f-4bab-87d0-43263d95f675,ae06a7d9-3a3c-4886-bbb2-61c275650128,2025-08-24,5428,2025-08-21T17:40:28.388979+00:00
575,873e46b3-72a6-4dd6-81f2-611da229aeb7,8dc99465-1d7f-4bab-87d0-43263d95f675,ae06a7d9-3a3c-4886-bbb2-61c275650128,2025-08-26,4565,2025-08-21T17:40:28.694193+00:00
576,6b5b42a2-5d5a-49e0-b595-d3c02fb4caba,8dc99465-1d7f-4bab-87d0-43263d95f675,ae06a7d9-3a3c-4886-bbb2-61c275650128,2025-08-28,4631,2025-08-21T17:40:29.006425+00:00
577,1a1b65d6-c68a-420b-b1bb-403fd53a69da,8dc99465-1d7f-4bab-87d0-43263d95f675,ae06a7d9-3a3c-4886-bbb2-61c275650128,2025-08-30,4631,2025-08-21T17:40:29.434701+00:00
578,cc8e3d60-e55f-46f0-910c-5831d44508de,8dc99465-1d7f-4bab-87d0-43263d95f675,ae06a7d9-3a3c-4886-bbb2-61c275650128,2025-09-01,4631,2025-08-21T17:40:29.889629+00:00
579,d945c78a-bfcf-4892-9574-48450216f64c,8dc99465-1d7f-4bab-87d0-43263d95f675,ae06a7d9-3a3c-4886-bbb2-61c275650128,2025-09-02,3923,2025-08-21T17:40:30.049269+00:00
580,8a40a322-e33b-4082-b0dd-1f6d5a4df998,8dc99465-1d7f-4bab-87d0-43263d95f675,ae06a7d9-3a3c-4886-bbb2-61c275650128,2025-09-03,4631,2025-08-21T17:40:30.208034+00:00
581,43b9acd0-68cb-44b3-9970-cfec579cbf25,8dc99465-1d7f-4bab-87d0-43263d95f675,ae06a7d9-3a3c-4886-bbb2-61c275650128,2025-09-04,3923,2025-08-21T17:40:30.370404+00:00
582,6185b456-7d8a-4cf7-944b-4bd36ab44d2e,8dc99465-1d7f-4bab-87d0-43263d95f675,ae06a7d9-3a3c-4886-bbb2-61c275650128,2025-09-05,3923,2025-08-21T17:40:30.53679+00:00
583,49e7ff2d-13d6-439b-8435-53335cc76925,8dc99465-1d7f-4bab-87d0-43263d95f675,ae06a7d9-3a3c-4886-bbb2-61c275650128,2025-09-06,4631,2025-08-21T17:40:30.712419+00:00
584,e12517d0-8827-4422-9569-85011dcaa1a3,8dc99465-1d7f-4bab-87d0-43263d95f675,ae06a7d9-3a3c-4886-bbb2-61c275650128,2025-09-07,4631,2025-08-21T17:40:30.86538+00:00
585,194e9005-48a9-447d-b90c-40f28718c7f3,8dc99465-1d7f-4bab-87d0-43263d95f675,ae06a7d9-3a3c-4886-bbb2-61c275650128,2025-09-09,3923,2025-08-21T17:40:31.181563+00:00
586,239481aa-f932-4f88-99d9-7e835b655b79,8dc99465-1d7f-4bab-87d0-43263d95f675,ae06a7d9-3a3c-4886-bbb2-61c275650128,2025-09-11,4631,2025-08-21T17:40:31.503453+00:00
587,0471e17c-e908-41e4-83d8-984cf611fd46,8dc99465-1d7f-4bab-87d0-43263d95f675,ae06a7d9-3a3c-4886-bbb2-61c275650128,2025-09-13,3923,2025-08-21T17:40:31.826631+00:00
588,d281cf09-06b9-49d8-ac66-a4664683690f,8dc99465-1d7f-4bab-87d0-43263d95f675,ae06a7d9-3a3c-4886-bbb2-61c275650128,2025-09-15,4631,2025-08-21T17:40:32.13167+00:00
589,fb149933-3c10-4358-b2da-86bad62b4ed9,8dc99465-1d7f-4bab-87d0-43263d95f675,ae06a7d9-3a3c-4886-bbb2-61c275650128,2025-09-17,4836,2025-08-21T17:40:32.453949+00:00
590,3e033fe3-f5d3-457b-9ad3-67f39a7f168b,8dc99465-1d7f-4bab-87d0-43263d95f675,ae06a7d9-3a3c-4886-bbb2-61c275650128,2025-09-19,5609,2025-08-21T17:40:32.797008+00:00
591,ab33ffd8-3522-4223-952a-e2e925019fd4,8dc99465-1d7f-4bab-87d0-43263d95f675,ae06a7d9-3a3c-4886-bbb2-61c275650128,2025-09-21,5965,2025-08-21T17:40:33.20543+00:00
592,a346dd83-4e29-4add-a533-e0a1794eadf5,464e28a6-3412-4a77-9030-b6b42b9a7d07,4e9b1741-6fd4-47ef-ad87-3faff6bd6e40,2025-10-25,40275,2025-10-24T04:52:36.198227+00:00
593,f7e0a5a4-d5ac-4f0b-9adb-24c7ee9c455c,1cbf0f58-1cba-46d8-8eec-f9c0ec5acd1f,250e4577-2302-4f49-b806-11b574d83214,2025-11-15,6129,2025-10-25T18:47:22.527764+00:00
594,182d7d6b-715b-4257-8827-c0dbdf423836,d947b640-2157-43a7-b48a-b8c24d4807b3,250e4577-2302-4f49-b806-11b574d83214,2025-10-27,8403,2025-10-25T18:47:23.004674+00:00
595,427a4e50-8d53-4621-b0f1-ac615987fadc,f9bdd1af-e54d-41bb-b0c1-b5ec8b932420,ae06a7d9-3a3c-4886-bbb2-61c275650128,2025-08-23,4749,2025-08-21T17:40:41.853434+00:00
596,18eda7a5-ae9e-41c6-ac15-0376d2cbe75b,7ca7acd0-4f97-47b7-aceb-4b2c72fc8114,ae06a7d9-3a3c-4886-bbb2-61c275650128,2025-08-31,4449,2025-08-21T17:40:51.123883+00:00
597,f5d6b05c-2043-4a65-9d75-a41b8e40218c,7ca7acd0-4f97-47b7-aceb-4b2c72fc8114,ae06a7d9-3a3c-4886-bbb2-61c275650128,2025-09-04,4549,2025-08-21T17:40:51.80435+00:00
598,e89a9033-ff85-4c52-8799-bdda2f3909e7,7ca7acd0-4f97-47b7-aceb-4b2c72fc8114,ae06a7d9-3a3c-4886-bbb2-61c275650128,2025-09-06,4549,2025-08-21T17:40:52.143362+00:00
599,9e909e9b-a6d0-4872-9979-3539eda6712c,7ca7acd0-4f97-47b7-aceb-4b2c72fc8114,ae06a7d9-3a3c-4886-bbb2-61c275650128,2025-09-07,4549,2025-08-21T17:40:52.301573+00:00
600,67b61381-99e6-4ab8-b203-e029dd12f706,7ca7acd0-4f97-47b7-aceb-4b2c72fc8114,ae06a7d9-3a3c-4886-bbb2-61c275650128,2025-09-08,4549,2025-08-21T17:40:52.464813+00:00
601,02146a59-6f13-42f2-95e0-53f52be5ebc5,7ca7acd0-4f97-47b7-aceb-4b2c72fc8114,ae06a7d9-3a3c-4886-bbb2-61c275650128,2025-09-09,4549,2025-08-21T17:40:52.619308+00:00
602,c061724b-a16b-40c9-b661-7c707cd396c7,7ca7acd0-4f97-47b7-aceb-4b2c72fc8114,ae06a7d9-3a3c-4886-bbb2-61c275650128,2025-09-10,4549,2025-08-21T17:40:52.773501+00:00
603,b5b4afdf-c9f6-44f0-a7e9-056b3e7d1cb0,7ca7acd0-4f97-47b7-aceb-4b2c72fc8114,ae06a7d9-3a3c-4886-bbb2-61c275650128,2025-09-11,4549,2025-08-21T17:40:52.934001+00:00
604,b9e80cf7-c4aa-438f-ae7f-631220cd5b06,7ca7acd0-4f97-47b7-aceb-4b2c72fc8114,ae06a7d9-3a3c-4886-bbb2-61c275650128,2025-09-12,4549,2025-08-21T17:40:53.115967+00:00
605,41dbe61e-43c0-43e6-b2ec-91ad384832e6,81cb3285-717e-457e-adf7-839e1c2a7fee,4e9b1741-6fd4-47ef-ad87-3faff6bd6e40,2025-10-28,3209,2025-10-25T18:47:24.239812+00:00
606,8939001c-8207-4a78-82fc-e4ed6cf2bfb5,7ca7acd0-4f97-47b7-aceb-4b2c72fc8114,ae06a7d9-3a3c-4886-bbb2-61c275650128,2025-09-14,4549,2025-08-21T17:40:53.48759+00:00
607,0b2c41a2-c658-40de-946a-d85f06ff4db0,7ca7acd0-4f97-47b7-aceb-4b2c72fc8114,ae06a7d9-3a3c-4886-bbb2-61c275650128,2025-09-15,4549,2025-08-21T17:40:53.661874+00:00
608,60052623-5c56-4155-b4dc-1e0ef8e79d42,7ca7acd0-4f97-47b7-aceb-4b2c72fc8114,ae06a7d9-3a3c-4886-bbb2-61c275650128,2025-09-16,4549,2025-08-21T17:40:53.84802+00:00
609,9ef21e4c-b55a-4517-b480-260c17331858,7ca7acd0-4f97-47b7-aceb-4b2c72fc8114,ae06a7d9-3a3c-4886-bbb2-61c275650128,2025-09-17,4549,2025-08-21T17:40:54.003617+00:00
610,f74045ab-d042-477a-bee8-92583f7a9255,7ca7acd0-4f97-47b7-aceb-4b2c72fc8114,ae06a7d9-3a3c-4886-bbb2-61c275650128,2025-09-18,4549,2025-08-21T17:40:54.155574+00:00
611,05e88481-ee26-411b-82f1-8d34fa800a4e,7ca7acd0-4f97-47b7-aceb-4b2c72fc8114,ae06a7d9-3a3c-4886-bbb2-61c275650128,2025-09-19,4549,2025-08-21T17:40:54.307515+00:00
612,7f4e8204-7cde-44d6-b275-dd2ecddbd081,7ca7acd0-4f97-47b7-aceb-4b2c72fc8114,ae06a7d9-3a3c-4886-bbb2-61c275650128,2025-09-20,4549,2025-08-21T17:40:54.464336+00:00
613,7b932425-c88f-4180-967c-7a1f4b8dd54c,7ca7acd0-4f97-47b7-aceb-4b2c72fc8114,ae06a7d9-3a3c-4886-bbb2-61c275650128,2025-09-21,4549,2025-08-21T17:40:54.620389+00:00
614,cad32147-4fc5-46ea-9cd2-d2b43cfd8477,81cb3285-717e-457e-adf7-839e1c2a7fee,df66ebda-424a-4644-92e9-8ff34e3be56d,2025-10-30,3223,2025-10-25T18:47:24.552397+00:00
615,d001aa7c-1e68-45d7-8089-b52e2293532a,81cb3285-717e-457e-adf7-839e1c2a7fee,df66ebda-424a-4644-92e9-8ff34e3be56d,2025-11-04,3137,2025-10-25T18:47:24.731179+00:00
616,43916a5f-3ff4-4c3f-bfa6-0405a60c79d0,1cbf0f58-1cba-46d8-8eec-f9c0ec5acd1f,df66ebda-424a-4644-92e9-8ff34e3be56d,2025-11-07,6743,2025-10-25T18:47:25.787241+00:00
617,b9736b05-fdc0-4ef4-af06-812a3b8a96a8,d947b640-2157-43a7-b48a-b8c24d4807b3,ae06a7d9-3a3c-4886-bbb2-61c275650128,2025-10-26,8436,2025-10-25T18:47:26.645755+00:00
618,3bb5b424-7c55-4523-b408-46ef2247927e,018826e7-9fff-464d-b3ab-3f98a4f66e53,250e4577-2302-4f49-b806-11b574d83214,2025-11-04,5416,2025-10-25T18:47:28.048583+00:00
619,c6d20b86-b1e1-475c-8e6e-06fdba9bc1f8,018826e7-9fff-464d-b3ab-3f98a4f66e53,250e4577-2302-4f49-b806-11b574d83214,2025-11-21,3864,2025-10-25T18:47:28.119243+00:00
620,b1077527-f76c-4387-9a70-5cbba561c903,7ca7acd0-4f97-47b7-aceb-4b2c72fc8114,4e9b1741-6fd4-47ef-ad87-3faff6bd6e40,2025-08-23,5635,2025-08-21T17:41:01.726685+00:00
621,a0d8c424-38e4-4290-9047-1b97ce6200e8,1a13131b-9d3b-463a-9510-c5f147e7394b,250e4577-2302-4f49-b806-11b574d83214,2025-11-13,5449,2025-10-25T18:47:30.91215+00:00
622,794f4275-2d0c-487d-aa59-7c61a6df0288,1a13131b-9d3b-463a-9510-c5f147e7394b,250e4577-2302-4f49-b806-11b574d83214,2025-11-23,6540,2025-10-25T18:47:30.946361+00:00
623,4d5b3d7a-3d04-4dd9-af9f-9903d86ec428,018826e7-9fff-464d-b3ab-3f98a4f66e53,4e9b1741-6fd4-47ef-ad87-3faff6bd6e40,2025-10-31,6848,2025-10-25T18:47:39.02561+00:00
624,0bd30256-8b80-456a-ba1d-5b653ce02655,1a13131b-9d3b-463a-9510-c5f147e7394b,ae06a7d9-3a3c-4886-bbb2-61c275650128,2025-11-04,5071,2025-10-25T18:47:40.252924+00:00
625,f487bec3-1ef2-40ba-8575-e47c04521f67,1a13131b-9d3b-463a-9510-c5f147e7394b,ae06a7d9-3a3c-4886-bbb2-61c275650128,2025-11-24,5071,2025-10-25T18:47:41.212002+00:00
626,0f2c0959-99f8-47c7-8d2b-a5cfb4af07bc,d2e482af-cddf-493a-ba4a-151d68dab915,250e4577-2302-4f49-b806-11b574d83214,2025-11-09,6699,2025-10-25T18:47:43.052831+00:00
627,4d426dec-de96-48ab-b4c6-8f98801f768c,d2e482af-cddf-493a-ba4a-151d68dab915,ae06a7d9-3a3c-4886-bbb2-61c275650128,2025-10-28,10993,2025-10-25T18:47:48.157624+00:00
628,2f8b083c-10d7-462f-a3b1-880a98da7cdd,018826e7-9fff-464d-b3ab-3f98a4f66e53,ae06a7d9-3a3c-4886-bbb2-61c275650128,2025-10-26,28957,2025-10-25T18:47:52.418295+00:00
629,67573b53-5d50-4706-9782-8adeae6543cf,018826e7-9fff-464d-b3ab-3f98a4f66e53,ae06a7d9-3a3c-4886-bbb2-61c275650128,2025-11-25,3262,2025-10-25T18:47:54.071645+00:00
630,18c5410b-0365-4e72-9228-4e67e04ebba8,45b9757b-26ec-4382-996d-cd15827092d0,ae06a7d9-3a3c-4886-bbb2-61c275650128,2025-10-26,14020,2025-10-25T18:47:58.58575+00:00
631,4d560c9d-6c5e-4271-b411-c8a7193a057f,45b9757b-26ec-4382-996d-cd15827092d0,ae06a7d9-3a3c-4886-bbb2-61c275650128,2025-11-05,7123,2025-10-25T18:47:59.079991+00:00
632,157c5a48-fa1c-4625-80bd-735e98446029,45b9757b-26ec-4382-996d-cd15827092d0,df66ebda-424a-4644-92e9-8ff34e3be56d,2025-11-16,5014,2025-10-25T18:47:59.916749+00:00
633,9da8c68d-7084-4ff7-97f8-630610f28cac,1213a742-5121-4c1e-b2f8-6be2a05e31e2,250e4577-2302-4f49-b806-11b574d83214,2025-11-26,5698,2025-10-25T18:48:00.823426+00:00
634,688d7311-9b40-4881-bebb-46c2e7b36d71,248c6414-538b-41de-820c-e45a78dd2057,250e4577-2302-4f49-b806-11b574d83214,2025-11-07,7844,2025-10-25T18:48:00.955041+00:00
635,ab6df315-ce48-4513-9f35-d9f815d9884e,248c6414-538b-41de-820c-e45a78dd2057,250e4577-2302-4f49-b806-11b574d83214,2025-11-22,7844,2025-10-25T18:48:00.992609+00:00
636,696639ce-4527-4ceb-b3d6-c215c8a94011,1a13131b-9d3b-463a-9510-c5f147e7394b,4e9b1741-6fd4-47ef-ad87-3faff6bd6e40,2025-10-29,10549,2025-10-25T18:48:01.65283+00:00
637,ee1fdcbd-8c03-49db-853b-7f679a804e26,0fda54ea-aed0-45b6-966e-ee23bee9bb89,250e4577-2302-4f49-b806-11b574d83214,2025-11-01,14988,2025-10-25T18:48:02.240792+00:00
638,0d31b9d6-16da-485e-959d-891195f747f1,0fda54ea-aed0-45b6-966e-ee23bee9bb89,250e4577-2302-4f49-b806-11b574d83214,2025-11-18,6598,2025-10-25T18:48:02.332802+00:00
639,0d5f65b9-2296-4a29-b05d-cfa5f6addd8f,0fda54ea-aed0-45b6-966e-ee23bee9bb89,df66ebda-424a-4644-92e9-8ff34e3be56d,2025-10-27,16467,2025-10-25T18:48:03.965341+00:00
640,7c6eb362-7c7a-42c7-98af-2a8bdb169731,4c86c598-d7f1-4ad1-8752-f787b957950d,df66ebda-424a-4644-92e9-8ff34e3be56d,2025-11-17,5999,2025-10-25T18:48:04.299129+00:00
641,d1e41727-a81d-44e4-bd7b-96af23a64069,4c86c598-d7f1-4ad1-8752-f787b957950d,df66ebda-424a-4644-92e9-8ff34e3be56d,2025-11-26,5999,2025-10-25T18:48:04.621085+00:00
642,94eb26d6-ecf5-4e97-8dab-8a64c58273c1,248c6414-538b-41de-820c-e45a78dd2057,df66ebda-424a-4644-92e9-8ff34e3be56d,2025-10-27,22529,2025-10-25T18:48:04.868793+00:00
643,3146a37c-b6dd-46d1-8895-f83abea40b9d,248c6414-538b-41de-820c-e45a78dd2057,df66ebda-424a-4644-92e9-8ff34e3be56d,2025-11-04,10155,2025-10-25T18:48:05.103282+00:00
644,b4e63820-88d7-4048-b6f6-61cc30800269,248c6414-538b-41de-820c-e45a78dd2057,df66ebda-424a-4644-92e9-8ff34e3be56d,2025-11-25,8438,2025-10-25T18:48:05.680554+00:00
645,289fe58a-c397-43c6-8fd9-dc6b81eb0279,db09886d-1af6-4daa-81cb-c70ec0c36b4d,4e9b1741-6fd4-47ef-ad87-3faff6bd6e40,2025-10-29,7527,2025-10-25T18:48:12.508634+00:00
646,4209440d-ab0e-4d35-bf7e-e5b53bdfe2e8,db09886d-1af6-4daa-81cb-c70ec0c36b4d,df66ebda-424a-4644-92e9-8ff34e3be56d,2025-11-01,7525,2025-10-25T18:48:15.045661+00:00
647,4f9d029f-4b6b-4e6e-9789-fa0183aecc4b,db09886d-1af6-4daa-81cb-c70ec0c36b4d,4e9b1741-6fd4-47ef-ad87-3faff6bd6e40,2025-08-30,13259,2025-08-30T06:02:17.081348+00:00
648,adae1834-ff3f-4070-b1d9-abba06ab4013,2b141be2-5c85-4da4-99d9-ed7df7770e25,ae06a7d9-3a3c-4886-bbb2-61c275650128,2025-10-27,7063,2025-10-24T04:52:22.26362+00:00
649,3875dd7c-a2a2-4384-8bde-f2adf6805399,2b141be2-5c85-4da4-99d9-ed7df7770e25,ae06a7d9-3a3c-4886-bbb2-61c275650128,2025-10-31,5594,2025-10-24T04:52:22.675153+00:00
650,8c897a85-cd59-40af-a54f-5a1cb5476829,464e28a6-3412-4a77-9030-b6b42b9a7d07,df66ebda-424a-4644-92e9-8ff34e3be56d,2025-10-24,4065,2025-10-24T04:52:31.995728+00:00
651,8e5f5966-3149-4514-91e2-025e1c13f98c,464e28a6-3412-4a77-9030-b6b42b9a7d07,df66ebda-424a-4644-92e9-8ff34e3be56d,2025-11-06,4448,2025-10-24T04:52:32.57576+00:00
652,f8c5d031-afea-4f74-b8f2-7eb56ac78d12,464e28a6-3412-4a77-9030-b6b42b9a7d07,df66ebda-424a-4644-92e9-8ff34e3be56d,2025-11-20,3449,2025-10-24T04:52:33.161627+00:00
653,016a9378-aa78-46cd-a6c4-f0714bb5b4bd,464e28a6-3412-4a77-9030-b6b42b9a7d07,df66ebda-424a-4644-92e9-8ff34e3be56d,2025-11-24,4826,2025-10-24T04:52:33.348848+00:00
654,06344036-a3fe-4b1f-927f-ed592b024c99,8dc99465-1d7f-4bab-87d0-43263d95f675,ae06a7d9-3a3c-4886-bbb2-61c275650128,2025-08-23,4631,2025-08-21T17:40:28.230653+00:00
655,52e7d7c2-5448-4323-a6e1-f75701665158,8dc99465-1d7f-4bab-87d0-43263d95f675,ae06a7d9-3a3c-4886-bbb2-61c275650128,2025-08-25,4565,2025-08-21T17:40:28.544161+00:00
656,d7f01e97-1e3c-48af-aa62-dc2b12bdd018,8dc99465-1d7f-4bab-87d0-43263d95f675,ae06a7d9-3a3c-4886-bbb2-61c275650128,2025-08-27,4631,2025-08-21T17:40:28.847947+00:00
657,9c581687-71be-4e0d-8bcc-ff995b1659bb,8dc99465-1d7f-4bab-87d0-43263d95f675,ae06a7d9-3a3c-4886-bbb2-61c275650128,2025-08-29,4631,2025-08-21T17:40:29.258968+00:00
658,2e54280b-7023-45a1-9d8c-d03054b2962f,8dc99465-1d7f-4bab-87d0-43263d95f675,ae06a7d9-3a3c-4886-bbb2-61c275650128,2025-08-31,4631,2025-08-21T17:40:29.664826+00:00
659,f43733b9-a9a7-48ad-9fe9-e06d614dd28c,8dc99465-1d7f-4bab-87d0-43263d95f675,ae06a7d9-3a3c-4886-bbb2-61c275650128,2025-09-08,4631,2025-08-21T17:40:31.017793+00:00
660,3dfeae2c-c851-48c2-bb71-a2078fc3475b,8dc99465-1d7f-4bab-87d0-43263d95f675,ae06a7d9-3a3c-4886-bbb2-61c275650128,2025-09-10,4631,2025-08-21T17:40:31.347301+00:00
661,68aaa562-f23c-4bc7-9621-b51f3ef6af97,8dc99465-1d7f-4bab-87d0-43263d95f675,ae06a7d9-3a3c-4886-bbb2-61c275650128,2025-09-12,4631,2025-08-21T17:40:31.665706+00:00
662,6b0821c0-bbe6-4f70-8ff7-0d1158e775bb,8dc99465-1d7f-4bab-87d0-43263d95f675,ae06a7d9-3a3c-4886-bbb2-61c275650128,2025-09-14,5113,2025-08-21T17:40:31.976251+00:00
663,c02453f4-7441-491f-b2f5-3c6c05281a13,8dc99465-1d7f-4bab-87d0-43263d95f675,ae06a7d9-3a3c-4886-bbb2-61c275650128,2025-09-16,4631,2025-08-21T17:40:32.286293+00:00
664,6791e545-bcd2-4ee5-aeb7-72b32c2a2b50,8dc99465-1d7f-4bab-87d0-43263d95f675,ae06a7d9-3a3c-4886-bbb2-61c275650128,2025-09-18,5113,2025-08-21T17:40:32.612235+00:00
665,a938483d-59c8-4e35-81a8-97a65e977ea3,8dc99465-1d7f-4bab-87d0-43263d95f675,ae06a7d9-3a3c-4886-bbb2-61c275650128,2025-09-20,5965,2025-08-21T17:40:32.994698+00:00
666,bd949d39-90be-4537-b0ee-81bd42add0cd,81cb3285-717e-457e-adf7-839e1c2a7fee,250e4577-2302-4f49-b806-11b574d83214,2025-10-26,10761,2025-10-25T18:47:22.593703+00:00
667,5396b7bc-5900-40a1-af89-a3c35887eb2b,f9bdd1af-e54d-41bb-b0c1-b5ec8b932420,4e9b1741-6fd4-47ef-ad87-3faff6bd6e40,2025-08-24,8511,2025-08-21T17:40:41.753619+00:00
668,ed247165-48dc-49c3-982a-49e24a6cccd8,7ca7acd0-4f97-47b7-aceb-4b2c72fc8114,ae06a7d9-3a3c-4886-bbb2-61c275650128,2025-09-01,4549,2025-08-21T17:40:51.329806+00:00
669,b80fe7a5-4e8b-4ace-acd6-16a7c9f132b7,7ca7acd0-4f97-47b7-aceb-4b2c72fc8114,ae06a7d9-3a3c-4886-bbb2-61c275650128,2025-09-02,4549,2025-08-21T17:40:51.496336+00:00
670,56931dbf-de54-4eca-a234-7f27423abcc3,7ca7acd0-4f97-47b7-aceb-4b2c72fc8114,ae06a7d9-3a3c-4886-bbb2-61c275650128,2025-09-03,4549,2025-08-21T17:40:51.654672+00:00
671,c8d16502-9ea2-4a47-84ba-ab10504eb32a,7ca7acd0-4f97-47b7-aceb-4b2c72fc8114,ae06a7d9-3a3c-4886-bbb2-61c275650128,2025-09-05,4549,2025-08-21T17:40:51.974699+00:00
672,49cfd90e-c814-43ab-b55a-51be85c97979,1cbf0f58-1cba-46d8-8eec-f9c0ec5acd1f,ae06a7d9-3a3c-4886-bbb2-61c275650128,2025-10-26,7041,2025-10-25T18:47:22.684685+00:00
673,ab2e6f60-123b-436d-8e9f-375ce33bd347,d947b640-2157-43a7-b48a-b8c24d4807b3,250e4577-2302-4f49-b806-11b574d83214,2025-10-29,4784,2025-10-25T18:47:23.007672+00:00
674,9ff625c3-05f4-4dd0-9cf9-5dcec6dff04d,7ca7acd0-4f97-47b7-aceb-4b2c72fc8114,ae06a7d9-3a3c-4886-bbb2-61c275650128,2025-09-13,4549,2025-08-21T17:40:53.324338+00:00
675,a227374c-acd9-4a77-97cf-f8c22489eaaa,81cb3285-717e-457e-adf7-839e1c2a7fee,df66ebda-424a-4644-92e9-8ff34e3be56d,2025-10-27,8245,2025-10-25T18:47:24.441223+00:00
676,f82dedb3-c484-4caa-86a9-f3ae31528e08,1cbf0f58-1cba-46d8-8eec-f9c0ec5acd1f,df66ebda-424a-4644-92e9-8ff34e3be56d,2025-11-02,5380,2025-10-25T18:47:25.620234+00:00
677,8ee35510-c243-419d-98e4-57ba528fb7da,f95680ab-0056-4d17-b6bf-312b5b51e017,df66ebda-424a-4644-92e9-8ff34e3be56d,2025-10-26,5393,2025-10-25T18:47:25.952037+00:00
678,a39846a0-b1bd-4294-9502-ed7dabe9427c,f95680ab-0056-4d17-b6bf-312b5b51e017,df66ebda-424a-4644-92e9-8ff34e3be56d,2025-11-04,4370,2025-10-25T18:47:26.293746+00:00
679,73bda37e-0d44-461e-b35a-7280175933a0,f95680ab-0056-4d17-b6bf-312b5b51e017,df66ebda-424a-4644-92e9-8ff34e3be56d,2025-11-26,4150,2025-10-25T18:47:27.073789+00:00
680,b985e4da-b72a-4fd8-97f9-fb0b89113825,018826e7-9fff-464d-b3ab-3f98a4f66e53,250e4577-2302-4f49-b806-11b574d83214,2025-10-27,9962,2025-10-25T18:47:28.004643+00:00
681,ca9c31c5-0d73-4a66-bdab-21ae350cb977,f95680ab-0056-4d17-b6bf-312b5b51e017,ae06a7d9-3a3c-4886-bbb2-61c275650128,2025-10-26,5315,2025-10-25T18:47:28.543096+00:00
682,86a87b83-85ca-4ff8-b821-fe1c85643786,1a13131b-9d3b-463a-9510-c5f147e7394b,250e4577-2302-4f49-b806-11b574d83214,2025-10-31,5941,2025-10-25T18:47:30.857625+00:00
683,2f1bae76-afed-4a14-b739-003602f834f4,1a13131b-9d3b-463a-9510-c5f147e7394b,250e4577-2302-4f49-b806-11b574d83214,2025-11-10,5449,2025-10-25T18:47:30.909759+00:00
684,ab802a4a-0be1-4c4a-9895-0cdd7bc16cfb,1a13131b-9d3b-463a-9510-c5f147e7394b,250e4577-2302-4f49-b806-11b574d83214,2025-11-21,5449,2025-10-25T18:47:30.942222+00:00
685,9b8389b8-2fc7-46e4-824c-822ebc8d9974,018826e7-9fff-464d-b3ab-3f98a4f66e53,4e9b1741-6fd4-47ef-ad87-3faff6bd6e40,2025-10-29,8005,2025-10-25T18:47:38.830265+00:00
686,9f8c22a7-4d47-4948-8882-faa9329dbf59,1a13131b-9d3b-463a-9510-c5f147e7394b,ae06a7d9-3a3c-4886-bbb2-61c275650128,2025-11-22,5071,2025-10-25T18:47:41.136214+00:00
687,f1218e08-9e9a-42c2-afed-69066af25764,d2e482af-cddf-493a-ba4a-151d68dab915,ae06a7d9-3a3c-4886-bbb2-61c275650128,2025-10-27,21466,2025-10-25T18:47:48.123311+00:00
688,98474b7c-f2d7-4444-833c-b4b5017fbe2e,7ca7acd0-4f97-47b7-aceb-4b2c72fc8114,4e9b1741-6fd4-47ef-ad87-3faff6bd6e40,2025-08-22,19085,2025-08-21T17:41:01.475043+00:00
689,69e59f0b-ac94-451c-99ee-9d6403d413f3,d2e482af-cddf-493a-ba4a-151d68dab915,ae06a7d9-3a3c-4886-bbb2-61c275650128,2025-11-26,6136,2025-10-25T18:47:49.517537+00:00
690,455cd67e-1e3f-44c7-9e93-ffd0028585a8,45b9757b-26ec-4382-996d-cd15827092d0,df66ebda-424a-4644-92e9-8ff34e3be56d,2025-10-26,19199,2025-10-25T18:47:59.061075+00:00
691,2b7dd9e9-1916-4296-968f-021c322f5404,45b9757b-26ec-4382-996d-cd15827092d0,df66ebda-424a-4644-92e9-8ff34e3be56d,2025-10-29,10305,2025-10-25T18:47:59.182525+00:00
692,06209075-411c-4b77-82d6-7a53972025f8,81cb3285-717e-457e-adf7-839e1c2a7fee,ae06a7d9-3a3c-4886-bbb2-61c275650128,2025-11-26,2842,2025-10-25T18:47:59.296515+00:00
693,05aaa06f-b407-428e-a6c5-de809d0146f3,45b9757b-26ec-4382-996d-cd15827092d0,df66ebda-424a-4644-92e9-8ff34e3be56d,2025-11-14,6274,2025-10-25T18:47:59.786164+00:00
694,595ed94f-ff03-4744-987c-79441ec0f518,248c6414-538b-41de-820c-e45a78dd2057,250e4577-2302-4f49-b806-11b574d83214,2025-11-10,7844,2025-10-25T18:48:00.952779+00:00
695,7557321e-30a8-4117-83ac-1e40e68a192d,248c6414-538b-41de-820c-e45a78dd2057,250e4577-2302-4f49-b806-11b574d83214,2025-11-23,7844,2025-10-25T18:48:00.990757+00:00
696,28a30946-791a-4c52-8518-86d3dbfe3b53,1a13131b-9d3b-463a-9510-c5f147e7394b,4e9b1741-6fd4-47ef-ad87-3faff6bd6e40,2025-10-30,10077,2025-10-25T18:48:01.680494+00:00
697,c1cd775b-8d58-466d-8477-0c579ae2d7b5,0fda54ea-aed0-45b6-966e-ee23bee9bb89,250e4577-2302-4f49-b806-11b574d83214,2025-11-03,8778,2025-10-25T18:48:02.24299+00:00
698,abfb9fbe-ff20-40ac-8cf9-016dbddb6e52,0fda54ea-aed0-45b6-966e-ee23bee9bb89,250e4577-2302-4f49-b806-11b574d83214,2025-11-22,6598,2025-10-25T18:48:02.323904+00:00
699,4978da12-809a-4d4b-8503-01df79331fe8,1213a742-5121-4c1e-b2f8-6be2a05e31e2,df66ebda-424a-4644-92e9-8ff34e3be56d,2025-10-30,5378,2025-10-25T18:48:02.709709+00:00
700,b5b58bd4-3e9d-4a8d-8623-bd4d3b747a40,6446326c-4400-4274-804f-8c61e487b251,ae06a7d9-3a3c-4886-bbb2-61c275650128,2025-10-10,8106,2025-08-21T18:01:00.796326+00:00
701,0443751f-92dd-4c1c-bcbb-c19029efa20e,6446326c-4400-4274-804f-8c61e487b251,ae06a7d9-3a3c-4886-bbb2-61c275650128,2025-10-11,8720,2025-08-21T18:01:00.985248+00:00
702,cb29d42e-a29c-421e-b9bf-cf883b563d9f,6446326c-4400-4274-804f-8c61e487b251,ae06a7d9-3a3c-4886-bbb2-61c275650128,2025-10-12,8720,2025-08-21T18:01:01.200322+00:00
703,ce8fec43-0afe-4150-a9e3-ac5d4373f794,6446326c-4400-4274-804f-8c61e487b251,ae06a7d9-3a3c-4886-bbb2-61c275650128,2025-10-13,8720,2025-08-21T18:01:01.398951+00:00
704,012b69bb-e47c-46c1-a5b9-9ef3817c2a2e,6446326c-4400-4274-804f-8c61e487b251,ae06a7d9-3a3c-4886-bbb2-61c275650128,2025-10-14,8720,2025-08-21T18:01:01.564541+00:00
705,b74e9518-bd80-4d35-8f7d-81f69403d4d1,6446326c-4400-4274-804f-8c61e487b251,ae06a7d9-3a3c-4886-bbb2-61c275650128,2025-10-15,9385,2025-08-21T18:01:01.789133+00:00
706,efc3ef31-8084-4308-b589-468f48e6a23c,6446326c-4400-4274-804f-8c61e487b251,ae06a7d9-3a3c-4886-bbb2-61c275650128,2025-10-17,14669,2025-08-21T18:01:02.212187+00:00
707,b1791998-b0a2-4456-acf1-859bc1fda89c,6446326c-4400-4274-804f-8c61e487b251,ae06a7d9-3a3c-4886-bbb2-61c275650128,2025-10-18,17058,2025-08-21T18:01:02.421008+00:00
708,d48fbe72-473f-420c-a733-7d0bad676054,6446326c-4400-4274-804f-8c61e487b251,ae06a7d9-3a3c-4886-bbb2-61c275650128,2025-10-19,11719,2025-08-21T18:01:02.594838+00:00
709,765105e8-16aa-438b-ad2d-e3f314937a8f,6446326c-4400-4274-804f-8c61e487b251,ae06a7d9-3a3c-4886-bbb2-61c275650128,2025-10-20,10102,2025-08-21T18:01:02.761381+00:00
710,3e4b627d-df2a-479a-99a0-515d0b0af512,4c86c598-d7f1-4ad1-8752-f787b957950d,df66ebda-424a-4644-92e9-8ff34e3be56d,2025-11-06,7182,2025-10-25T18:48:03.951449+00:00
711,413a3f7d-89e9-42ce-bb8e-809f594b8b11,0fda54ea-aed0-45b6-966e-ee23bee9bb89,df66ebda-424a-4644-92e9-8ff34e3be56d,2025-10-31,11118,2025-10-25T18:48:04.100575+00:00
712,407cb0dc-edac-4b82-b4ca-79d79f4eb515,0fda54ea-aed0-45b6-966e-ee23bee9bb89,df66ebda-424a-4644-92e9-8ff34e3be56d,2025-11-05,6842,2025-10-25T18:48:04.278553+00:00
713,97f2173b-667b-48da-9fb5-0ef5f079f105,248c6414-538b-41de-820c-e45a78dd2057,df66ebda-424a-4644-92e9-8ff34e3be56d,2025-11-03,10155,2025-10-25T18:48:05.071627+00:00
714,8d05bf07-93d4-4af3-9684-e7978e718872,248c6414-538b-41de-820c-e45a78dd2057,df66ebda-424a-4644-92e9-8ff34e3be56d,2025-11-24,13942,2025-10-25T18:48:05.652179+00:00
715,00340a40-ae43-41b7-b53e-6f2622e67fcf,db09886d-1af6-4daa-81cb-c70ec0c36b4d,250e4577-2302-4f49-b806-11b574d83214,2025-10-31,7700,2025-10-25T18:48:10.065397+00:00
716,316b083e-af61-414b-ad94-cfa15d72e0b4,db09886d-1af6-4daa-81cb-c70ec0c36b4d,df66ebda-424a-4644-92e9-8ff34e3be56d,2025-10-31,7641,2025-10-25T18:48:14.966116+00:00
717,b314f467-175b-47e1-9ce9-0ab1d61a7704,db09886d-1af6-4daa-81cb-c70ec0c36b4d,df66ebda-424a-4644-92e9-8ff34e3be56d,2025-11-10,7209,2025-10-25T18:48:15.352251+00:00
718,e5fb62ce-58cc-47da-9343-8492caff5d51,db09886d-1af6-4daa-81cb-c70ec0c36b4d,ae06a7d9-3a3c-4886-bbb2-61c275650128,2025-11-02,7777,2025-10-25T18:48:30.024714+00:00
719,cc4dbe18-ea15-472e-b522-da015309d93e,0fda54ea-aed0-45b6-966e-ee23bee9bb89,ae06a7d9-3a3c-4886-bbb2-61c275650128,2025-10-29,11654,2025-10-25T18:48:32.233619+00:00
720,a74f32ce-b850-46cd-ab90-85ee133c2564,0fda54ea-aed0-45b6-966e-ee23bee9bb89,ae06a7d9-3a3c-4886-bbb2-61c275650128,2025-10-31,11654,2025-10-25T18:48:32.309144+00:00
721,9d679bee-f612-4c0c-bd5d-67f5160171f9,0fda54ea-aed0-45b6-966e-ee23bee9bb89,4e9b1741-6fd4-47ef-ad87-3faff6bd6e40,2025-10-29,13105,2025-10-25T18:48:33.630341+00:00
722,6958dbcc-416b-4c42-afe6-3fc734765abc,c96034fb-d762-460a-a5a8-48829c121c1c,250e4577-2302-4f49-b806-11b574d83214,2025-10-31,8244,2025-10-25T18:48:34.191352+00:00
723,bcb98d04-22af-4099-8bcf-d2b9bde397da,6446326c-4400-4274-804f-8c61e487b251,df66ebda-424a-4644-92e9-8ff34e3be56d,2025-11-01,13492,2025-10-25T18:48:35.403093+00:00
724,eabbece5-b2d2-41b8-85ca-21a2bd228c83,6446326c-4400-4274-804f-8c61e487b251,df66ebda-424a-4644-92e9-8ff34e3be56d,2025-11-13,12890,2025-10-25T18:48:35.850391+00:00
725,f9b547b5-210d-4a1c-b6f8-a6ebcd07744a,248c6414-538b-41de-820c-e45a78dd2057,ae06a7d9-3a3c-4886-bbb2-61c275650128,2025-10-27,6826,2025-10-25T18:48:37.286003+00:00
726,c46333f1-fd64-48ca-b3ba-f2085c9892b6,248c6414-538b-41de-820c-e45a78dd2057,ae06a7d9-3a3c-4886-bbb2-61c275650128,2025-11-01,6152,2025-10-25T18:48:37.461295+00:00
727,a8915f03-e2a8-499d-815e-ad31251ca123,3fd14c1f-3c99-4c36-9000-d2c278593f56,250e4577-2302-4f49-b806-11b574d83214,2025-10-28,7694,2025-10-25T18:48:38.800846+00:00
728,49950d38-99e5-4d47-a353-c34e2dd83a43,2b141be2-5c85-4da4-99d9-ed7df7770e25,250e4577-2302-4f49-b806-11b574d83214,2025-11-04,6521,2025-10-25T18:48:46.864135+00:00
729,83bbeedf-f07a-4488-82ad-5431ee09477b,fcac0d40-d350-46b7-b2b6-e36851adc3b8,df66ebda-424a-4644-92e9-8ff34e3be56d,2025-10-25,3345,2025-10-24T04:53:25.446387+00:00
730,2837f229-22ae-406c-9d58-bdd4a62ef9ec,8dc99465-1d7f-4bab-87d0-43263d95f675,df66ebda-424a-4644-92e9-8ff34e3be56d,2025-10-24,21267,2025-10-24T04:53:29.341736+00:00
731,168215cb-0870-461f-bfa9-294d19ec9e14,8dc99465-1d7f-4bab-87d0-43263d95f675,df66ebda-424a-4644-92e9-8ff34e3be56d,2025-10-26,8384,2025-10-24T04:53:29.50348+00:00
732,a8ee44ab-dd01-401a-9db0-bd72b88baedd,8dc99465-1d7f-4bab-87d0-43263d95f675,df66ebda-424a-4644-92e9-8ff34e3be56d,2025-11-19,4599,2025-10-24T04:53:31.019979+00:00
733,f0fda148-891e-4dbb-9a26-84be94ea72b7,8dc99465-1d7f-4bab-87d0-43263d95f675,4e9b1741-6fd4-47ef-ad87-3faff6bd6e40,2025-10-24,28881,2025-10-24T04:53:33.85481+00:00
734,506600d5-3dd0-4b89-aaf6-e9a59ff131b5,8dc99465-1d7f-4bab-87d0-43263d95f675,4e9b1741-6fd4-47ef-ad87-3faff6bd6e40,2025-10-26,8034,2025-10-24T04:53:33.964742+00:00
735,626f885f-b895-475a-bed4-97fac2e34b14,8dc99465-1d7f-4bab-87d0-43263d95f675,4e9b1741-6fd4-47ef-ad87-3faff6bd6e40,2025-10-28,4941,2025-10-24T04:53:34.135217+00:00
736,259fbbb1-6f9e-4f9e-b511-e7c84f5f11ec,db09886d-1af6-4daa-81cb-c70ec0c36b4d,4e9b1741-6fd4-47ef-ad87-3faff6bd6e40,2025-08-23,9373,2025-08-23T03:54:37.050064+00:00
737,cb1c8f66-0337-4fb2-892e-1fed2be0c3ca,db09886d-1af6-4daa-81cb-c70ec0c36b4d,4e9b1741-6fd4-47ef-ad87-3faff6bd6e40,2025-08-24,10477,2025-08-23T03:54:37.175209+00:00
738,9dc6eefe-552d-40fe-bee0-2df754027493,db09886d-1af6-4daa-81cb-c70ec0c36b4d,4e9b1741-6fd4-47ef-ad87-3faff6bd6e40,2025-08-27,6725,2025-08-23T03:54:37.795773+00:00
739,6da20c0e-6f17-43ea-a083-343323e1e39c,db09886d-1af6-4daa-81cb-c70ec0c36b4d,4e9b1741-6fd4-47ef-ad87-3faff6bd6e40,2025-08-28,7145,2025-08-23T03:54:37.913148+00:00
740,e14a815b-d854-41e9-94c0-401a37d688df,db09886d-1af6-4daa-81cb-c70ec0c36b4d,4e9b1741-6fd4-47ef-ad87-3faff6bd6e40,2025-08-29,7589,2025-08-23T03:54:38.095254+00:00
741,ead739ec-2cec-4077-b04a-b46178ee3dfc,db09886d-1af6-4daa-81cb-c70ec0c36b4d,ae06a7d9-3a3c-4886-bbb2-61c275650128,2025-08-23,8248,2025-08-23T03:54:39.22273+00:00
742,fd36094f-ffcf-4fe7-a8a9-1672b595bb89,db09886d-1af6-4daa-81cb-c70ec0c36b4d,ae06a7d9-3a3c-4886-bbb2-61c275650128,2025-08-24,8452,2025-08-23T03:54:39.322504+00:00
743,8c0ff05d-1974-4d46-8e76-1256f083db43,db09886d-1af6-4daa-81cb-c70ec0c36b4d,ae06a7d9-3a3c-4886-bbb2-61c275650128,2025-08-30,6529,2025-08-23T03:54:40.346372+00:00
744,d271c756-9cfc-4694-bd62-da9de01b4a5d,db09886d-1af6-4daa-81cb-c70ec0c36b4d,ae06a7d9-3a3c-4886-bbb2-61c275650128,2025-09-04,6176,2025-08-23T03:54:40.903096+00:00
745,618e4f83-0af1-4353-864c-9a1ebaba9b0f,db09886d-1af6-4daa-81cb-c70ec0c36b4d,ae06a7d9-3a3c-4886-bbb2-61c275650128,2025-09-05,6366,2025-08-23T03:54:41.004623+00:00
746,eebee0ee-08cc-4bd0-94f4-29d85680eeec,db09886d-1af6-4daa-81cb-c70ec0c36b4d,ae06a7d9-3a3c-4886-bbb2-61c275650128,2025-09-13,6373,2025-08-23T03:54:41.901114+00:00
747,0f4c35ee-0a97-4274-82da-386bd5a869e7,db09886d-1af6-4daa-81cb-c70ec0c36b4d,ae06a7d9-3a3c-4886-bbb2-61c275650128,2025-09-22,5143,2025-08-23T03:54:42.836109+00:00
748,91ef7508-0470-4da0-93bb-996b3737c3ff,db09886d-1af6-4daa-81cb-c70ec0c36b4d,ae06a7d9-3a3c-4886-bbb2-61c275650128,2025-09-23,5597,2025-08-23T03:54:42.952264+00:00
749,e66570ce-ed86-4cb5-a23c-7b6e2163dae9,8dc99465-1d7f-4bab-87d0-43263d95f675,4e9b1741-6fd4-47ef-ad87-3faff6bd6e40,2025-10-30,4728,2025-10-24T04:53:34.219546+00:00
750,61c39e9b-5b5a-46bc-bdcb-331559563f5e,8dc99465-1d7f-4bab-87d0-43263d95f675,ae06a7d9-3a3c-4886-bbb2-61c275650128,2025-10-25,7017,2025-10-24T04:53:47.976936+00:00
751,eecaa6ff-0ae5-41da-b00a-eb3f26a4a6d0,8dc99465-1d7f-4bab-87d0-43263d95f675,ae06a7d9-3a3c-4886-bbb2-61c275650128,2025-11-02,5428,2025-10-24T04:53:48.795462+00:00
752,bf07416f-a1f0-4ae3-b3a3-0c5eb2e7c3ba,8dc99465-1d7f-4bab-87d0-43263d95f675,ae06a7d9-3a3c-4886-bbb2-61c275650128,2025-11-06,4897,2025-10-24T04:53:49.396114+00:00
753,21485b86-e685-4a0b-bc35-8669fe46a1af,8dc99465-1d7f-4bab-87d0-43263d95f675,ae06a7d9-3a3c-4886-bbb2-61c275650128,2025-11-22,4897,2025-10-24T04:53:50.616104+00:00
754,d12e719a-dc2d-41ca-9ee6-43a1ce3af6bd,f9bdd1af-e54d-41bb-b0c1-b5ec8b932420,df66ebda-424a-4644-92e9-8ff34e3be56d,2025-10-25,6071,2025-10-24T04:53:55.134721+00:00
755,dda1d470-bf9d-46a4-a009-b5a02c0f010e,6446326c-4400-4274-804f-8c61e487b251,ae06a7d9-3a3c-4886-bbb2-61c275650128,2025-08-23,4609,2025-08-23T03:54:46.639314+00:00
756,ecca48b9-3f52-4226-a9fd-831e3ecaa30e,f9bdd1af-e54d-41bb-b0c1-b5ec8b932420,df66ebda-424a-4644-92e9-8ff34e3be56d,2025-10-31,5641,2025-10-24T04:53:55.763348+00:00
757,2dfadc69-8c2f-4d28-8854-f828cba8bbcd,6446326c-4400-4274-804f-8c61e487b251,ae06a7d9-3a3c-4886-bbb2-61c275650128,2025-08-24,4609,2025-08-23T03:54:46.804132+00:00
758,64b2ad52-f252-4834-b5c3-23aae37d6f8a,f9bdd1af-e54d-41bb-b0c1-b5ec8b932420,df66ebda-424a-4644-92e9-8ff34e3be56d,2025-11-12,5745,2025-10-24T04:53:56.695627+00:00
759,7692952a-7447-4235-ae7f-07cad2977104,f9bdd1af-e54d-41bb-b0c1-b5ec8b932420,df66ebda-424a-4644-92e9-8ff34e3be56d,2025-11-20,5198,2025-10-24T04:53:57.069834+00:00
760,c9536d6f-5669-4723-8e9c-e1c41d219d91,6446326c-4400-4274-804f-8c61e487b251,ae06a7d9-3a3c-4886-bbb2-61c275650128,2025-08-25,4609,2025-08-23T03:54:47.017348+00:00
761,d851b425-7018-421a-94b1-d1d57e65989d,6446326c-4400-4274-804f-8c61e487b251,ae06a7d9-3a3c-4886-bbb2-61c275650128,2025-08-26,4609,2025-08-23T03:54:47.213865+00:00
762,a7b71ef6-5eeb-4190-88e9-9e4b3ed4c785,6446326c-4400-4274-804f-8c61e487b251,ae06a7d9-3a3c-4886-bbb2-61c275650128,2025-08-27,4609,2025-08-23T03:54:47.578004+00:00
763,b6e4bc88-8082-4b32-8ef5-bd3400cc0b99,6446326c-4400-4274-804f-8c61e487b251,ae06a7d9-3a3c-4886-bbb2-61c275650128,2025-08-28,4609,2025-08-23T03:54:47.730154+00:00
764,cc0e826e-a088-4df4-aaa0-7527f52fc8e2,6446326c-4400-4274-804f-8c61e487b251,ae06a7d9-3a3c-4886-bbb2-61c275650128,2025-08-29,4609,2025-08-23T03:54:47.856439+00:00
765,06e60d7d-7685-46a8-9e58-f1f3c492e86f,f9bdd1af-e54d-41bb-b0c1-b5ec8b932420,4e9b1741-6fd4-47ef-ad87-3faff6bd6e40,2025-10-25,8494,2025-10-24T04:54:07.230174+00:00
766,36085dcf-3f3e-4cb7-b990-3e96008e9658,6446326c-4400-4274-804f-8c61e487b251,ae06a7d9-3a3c-4886-bbb2-61c275650128,2025-08-30,4609,2025-08-23T03:54:47.959192+00:00
767,04a422b8-ec97-481b-b1a0-084894167719,f9bdd1af-e54d-41bb-b0c1-b5ec8b932420,ae06a7d9-3a3c-4886-bbb2-61c275650128,2025-10-24,5901,2025-10-24T04:54:33.872011+00:00
768,a02c88a3-2fa1-4254-82de-1faef681aea9,6446326c-4400-4274-804f-8c61e487b251,ae06a7d9-3a3c-4886-bbb2-61c275650128,2025-08-31,4609,2025-08-23T03:54:48.19297+00:00
769,0972c2bd-e07c-44e5-a9c0-a19f00f24555,f9bdd1af-e54d-41bb-b0c1-b5ec8b932420,ae06a7d9-3a3c-4886-bbb2-61c275650128,2025-10-26,7791,2025-10-24T04:54:34.069258+00:00
770,2cc31aa0-13cf-4591-b3fc-47a30110abf5,f9bdd1af-e54d-41bb-b0c1-b5ec8b932420,ae06a7d9-3a3c-4886-bbb2-61c275650128,2025-10-30,5465,2025-10-24T04:54:34.470907+00:00
771,4ffaacad-0e02-486d-a202-08a3d10849b1,7ca7acd0-4f97-47b7-aceb-4b2c72fc8114,4e9b1741-6fd4-47ef-ad87-3faff6bd6e40,2025-10-24,5949,2025-10-24T04:54:40.122794+00:00
772,8f34ef7f-bdae-4100-9fb3-fde633a9b920,7ca7acd0-4f97-47b7-aceb-4b2c72fc8114,4e9b1741-6fd4-47ef-ad87-3faff6bd6e40,2025-10-30,5635,2025-10-24T04:54:40.389133+00:00
773,d2ac8333-26ee-46c4-9823-10307455993e,7ca7acd0-4f97-47b7-aceb-4b2c72fc8114,df66ebda-424a-4644-92e9-8ff34e3be56d,2025-10-25,6251,2025-10-24T04:54:41.223923+00:00
774,2ac8fd37-464e-418a-a477-db08d061c406,7ca7acd0-4f97-47b7-aceb-4b2c72fc8114,df66ebda-424a-4644-92e9-8ff34e3be56d,2025-11-04,5178,2025-10-24T04:54:42.143378+00:00
775,02ddf44e-bcfa-428d-8572-986a51e289d4,7ca7acd0-4f97-47b7-aceb-4b2c72fc8114,df66ebda-424a-4644-92e9-8ff34e3be56d,2025-11-06,5178,2025-10-24T04:54:42.352243+00:00
776,9e574e6e-27a4-42ea-b129-8e69dabc690c,7ca7acd0-4f97-47b7-aceb-4b2c72fc8114,df66ebda-424a-4644-92e9-8ff34e3be56d,2025-11-08,5272,2025-10-24T04:54:42.55538+00:00
777,81ec1ffd-ddce-4f36-bdbd-fcecb3350dfd,7ca7acd0-4f97-47b7-aceb-4b2c72fc8114,df66ebda-424a-4644-92e9-8ff34e3be56d,2025-11-12,5656,2025-10-24T04:54:42.930275+00:00
778,cc26e5b6-3027-4a04-a545-9ec63f33d9ef,7ca7acd0-4f97-47b7-aceb-4b2c72fc8114,ae06a7d9-3a3c-4886-bbb2-61c275650128,2025-10-31,5210,2025-10-24T04:54:45.932425+00:00
779,2ee0519f-7edd-4804-bead-da826ac07a46,55494922-8879-4517-ac6b-52dbbdc5f969,df66ebda-424a-4644-92e9-8ff34e3be56d,2025-10-29,4797,2025-10-24T04:54:51.462974+00:00
780,5c277c9a-6be8-4d6b-b16f-5b2569db924d,55494922-8879-4517-ac6b-52dbbdc5f969,df66ebda-424a-4644-92e9-8ff34e3be56d,2025-10-31,5681,2025-10-24T04:54:51.552142+00:00
781,94e9852b-d80d-4b1b-8a70-6671ad245eb3,55494922-8879-4517-ac6b-52dbbdc5f969,df66ebda-424a-4644-92e9-8ff34e3be56d,2025-11-16,3900,2025-10-24T04:54:52.160145+00:00
782,8fac0e22-a1f1-4e0e-88c7-595d5d17888c,55494922-8879-4517-ac6b-52dbbdc5f969,df66ebda-424a-4644-92e9-8ff34e3be56d,2025-11-18,4797,2025-10-24T04:54:52.236426+00:00
783,f3c5a4bc-ba5f-488f-80b8-4cc78ca874bf,55494922-8879-4517-ac6b-52dbbdc5f969,df66ebda-424a-4644-92e9-8ff34e3be56d,2025-11-20,3854,2025-10-24T04:54:52.322251+00:00
784,8ce2e9b4-81f9-44b4-9353-afbce7e08ffd,c96034fb-d762-460a-a5a8-48829c121c1c,ae06a7d9-3a3c-4886-bbb2-61c275650128,2025-08-23,6189,2025-08-23T03:55:28.130857+00:00
785,69b34f92-55bc-45d0-a18a-ce16fbf31ae9,55494922-8879-4517-ac6b-52dbbdc5f969,df66ebda-424a-4644-92e9-8ff34e3be56d,2025-11-22,4797,2025-10-24T04:54:52.403911+00:00
786,4c711016-6c06-4a2b-98f4-56f61bf6cf48,c96034fb-d762-460a-a5a8-48829c121c1c,ae06a7d9-3a3c-4886-bbb2-61c275650128,2025-08-24,6144,2025-08-23T03:55:28.235308+00:00
787,6fa23382-e200-4c86-9168-9c4d2ac5b18e,55494922-8879-4517-ac6b-52dbbdc5f969,ae06a7d9-3a3c-4886-bbb2-61c275650128,2025-10-27,6014,2025-10-24T04:55:26.90133+00:00
788,41566336-cdde-462f-9faf-9f9b96d22608,768d9295-40d7-40e8-b57a-4c5d6d15d130,df66ebda-424a-4644-92e9-8ff34e3be56d,2025-10-26,5979,2025-10-24T04:55:43.47467+00:00
789,1f7a85c5-aaa5-4c2b-9000-8ba36d8d8fe6,768d9295-40d7-40e8-b57a-4c5d6d15d130,df66ebda-424a-4644-92e9-8ff34e3be56d,2025-10-30,4971,2025-10-24T04:55:44.057029+00:00
790,948f43bd-4ba0-40e9-b11b-ae94f8975bf6,1cbdc90c-a9f6-4167-bbc7-16a791dee576,4e9b1741-6fd4-47ef-ad87-3faff6bd6e40,2025-10-25,4343,2025-10-24T04:55:59.988398+00:00
791,28b9aced-710f-4032-b3f2-f716406f24a4,81cb3285-717e-457e-adf7-839e1c2a7fee,250e4577-2302-4f49-b806-11b574d83214,2025-10-27,6032,2025-10-25T18:47:22.597474+00:00
792,b74c7bc6-0320-46ad-80a8-9ee5f54dc79e,1cbf0f58-1cba-46d8-8eec-f9c0ec5acd1f,ae06a7d9-3a3c-4886-bbb2-61c275650128,2025-10-30,5387,2025-10-25T18:47:22.928795+00:00
793,34d5d7c8-4318-4415-a518-bf8adf1408c4,f95680ab-0056-4d17-b6bf-312b5b51e017,250e4577-2302-4f49-b806-11b574d83214,2025-11-26,4947,2025-10-25T18:47:23.003366+00:00
794,ca6309ff-f42e-45f5-9fcb-fc3aba5a781b,d947b640-2157-43a7-b48a-b8c24d4807b3,250e4577-2302-4f49-b806-11b574d83214,2025-11-03,4744,2025-10-25T18:47:23.040711+00:00
795,d1adc442-cd62-4575-a985-8a2b60c86cdd,3fd14c1f-3c99-4c36-9000-d2c278593f56,ae06a7d9-3a3c-4886-bbb2-61c275650128,2025-08-23,6583,2025-08-23T03:55:38.750086+00:00
796,d7abed69-f61b-468f-b96d-dbbac18209a5,3fd14c1f-3c99-4c36-9000-d2c278593f56,ae06a7d9-3a3c-4886-bbb2-61c275650128,2025-08-24,6014,2025-08-23T03:55:38.919388+00:00
797,6679555f-9889-462d-b4eb-ffb5c1eb21a9,3fd14c1f-3c99-4c36-9000-d2c278593f56,ae06a7d9-3a3c-4886-bbb2-61c275650128,2025-08-25,4110,2025-08-23T03:55:39.135147+00:00
798,e5dfded5-ff33-4d97-9f71-488fa4d3774d,3fd14c1f-3c99-4c36-9000-d2c278593f56,ae06a7d9-3a3c-4886-bbb2-61c275650128,2025-08-27,4630,2025-08-23T03:55:39.447169+00:00
799,700f45de-8931-477f-a003-1669177bab06,3fd14c1f-3c99-4c36-9000-d2c278593f56,ae06a7d9-3a3c-4886-bbb2-61c275650128,2025-08-28,4347,2025-08-23T03:55:39.647935+00:00
800,4fe386a4-6b9c-4c82-bf87-240ae5733ba7,d947b640-2157-43a7-b48a-b8c24d4807b3,df66ebda-424a-4644-92e9-8ff34e3be56d,2025-11-07,4664,2025-10-25T18:47:24.945145+00:00
801,d2dd3c2e-be23-4863-8e33-4bcf7b451864,3fd14c1f-3c99-4c36-9000-d2c278593f56,ae06a7d9-3a3c-4886-bbb2-61c275650128,2025-08-29,4525,2025-08-23T03:55:39.92257+00:00
802,e95d5f97-78f8-4d10-9fbf-b3f59a3f2dd5,1cbf0f58-1cba-46d8-8eec-f9c0ec5acd1f,df66ebda-424a-4644-92e9-8ff34e3be56d,2025-11-01,6133,2025-10-25T18:47:25.583755+00:00
803,9fdd8039-2c79-400c-a068-dedecf4001a3,d947b640-2157-43a7-b48a-b8c24d4807b3,ae06a7d9-3a3c-4886-bbb2-61c275650128,2025-11-26,4319,2025-10-25T18:47:27.583552+00:00
804,3454aafd-2b0c-496a-8d64-be927d7b91b1,018826e7-9fff-464d-b3ab-3f98a4f66e53,250e4577-2302-4f49-b806-11b574d83214,2025-10-26,18173,2025-10-25T18:47:28.054479+00:00
805,3a2101d0-6bff-43d9-9a89-675272d76dec,018826e7-9fff-464d-b3ab-3f98a4f66e53,250e4577-2302-4f49-b806-11b574d83214,2025-11-24,5905,2025-10-25T18:47:28.120629+00:00
806,98d840e4-b038-471a-a781-477dcd347ae7,1a13131b-9d3b-463a-9510-c5f147e7394b,250e4577-2302-4f49-b806-11b574d83214,2025-10-26,7954,2025-10-25T18:47:30.869189+00:00
807,ff489e18-c0e0-4870-b56c-7b1d9b01a4d0,1a13131b-9d3b-463a-9510-c5f147e7394b,250e4577-2302-4f49-b806-11b574d83214,2025-11-14,5449,2025-10-25T18:47:30.915227+00:00
808,85c1b1f7-e0cb-457b-a0f1-72b15ed954d6,1a13131b-9d3b-463a-9510-c5f147e7394b,250e4577-2302-4f49-b806-11b574d83214,2025-11-22,5449,2025-10-25T18:47:30.946447+00:00
809,b43121e3-e21a-427f-a8db-f8b798cf91de,3fd14c1f-3c99-4c36-9000-d2c278593f56,ae06a7d9-3a3c-4886-bbb2-61c275650128,2025-09-07,4735,2025-08-23T03:55:41.135879+00:00
810,7a0e761f-d93b-42eb-9ed5-1fc930778778,8dc99465-1d7f-4bab-87d0-43263d95f675,df66ebda-424a-4644-92e9-8ff34e3be56d,2025-10-25,16189,2025-10-24T04:53:29.438927+00:00
811,4824b6f8-74b7-4c4b-991d-1600d83a750d,8dc99465-1d7f-4bab-87d0-43263d95f675,4e9b1741-6fd4-47ef-ad87-3faff6bd6e40,2025-10-25,10505,2025-10-24T04:53:33.899418+00:00
812,f86d179e-8252-4df3-9212-3f018eb4d45b,8dc99465-1d7f-4bab-87d0-43263d95f675,ae06a7d9-3a3c-4886-bbb2-61c275650128,2025-10-24,8263,2025-10-24T04:53:47.920122+00:00
813,752e3b7f-9b7f-4a37-af64-1bdcc706f010,8dc99465-1d7f-4bab-87d0-43263d95f675,ae06a7d9-3a3c-4886-bbb2-61c275650128,2025-10-26,7017,2025-10-24T04:53:48.076529+00:00
814,f8e9947b-19f8-4e4d-827a-6b2ec9814d1f,8dc99465-1d7f-4bab-87d0-43263d95f675,ae06a7d9-3a3c-4886-bbb2-61c275650128,2025-10-30,4550,2025-10-24T04:53:48.489796+00:00
815,84166424-7bbc-44b2-b001-8e2d6729f635,8dc99465-1d7f-4bab-87d0-43263d95f675,ae06a7d9-3a3c-4886-bbb2-61c275650128,2025-11-05,4897,2025-10-24T04:53:49.105969+00:00
816,acee1e61-912d-4623-b0bd-302ac5e1dca0,8dc99465-1d7f-4bab-87d0-43263d95f675,ae06a7d9-3a3c-4886-bbb2-61c275650128,2025-11-15,4897,2025-10-24T04:53:50.262379+00:00
817,a04d0a77-917b-417a-b4d3-36291f9a28a7,8dc99465-1d7f-4bab-87d0-43263d95f675,ae06a7d9-3a3c-4886-bbb2-61c275650128,2025-11-17,4897,2025-10-24T04:53:50.401211+00:00
818,6dce4737-a764-420a-ab08-076843816a40,8dc99465-1d7f-4bab-87d0-43263d95f675,ae06a7d9-3a3c-4886-bbb2-61c275650128,2025-11-23,4897,2025-10-24T04:53:50.670787+00:00
819,99ddbff7-996b-45c8-a5f6-92920609763e,f9bdd1af-e54d-41bb-b0c1-b5ec8b932420,df66ebda-424a-4644-92e9-8ff34e3be56d,2025-10-24,7309,2025-10-24T04:53:55.07732+00:00
820,47c8e40b-a09f-4af2-b0ad-ce89644bfac0,f9bdd1af-e54d-41bb-b0c1-b5ec8b932420,df66ebda-424a-4644-92e9-8ff34e3be56d,2025-10-28,8496,2025-10-24T04:53:55.458206+00:00
821,bc07774e-c20a-4fa9-898d-b05fb6e0e0d0,f9bdd1af-e54d-41bb-b0c1-b5ec8b932420,df66ebda-424a-4644-92e9-8ff34e3be56d,2025-10-30,6071,2025-10-24T04:53:55.662824+00:00
822,ba705df6-0aa4-4f2b-b24f-df95557b1265,f9bdd1af-e54d-41bb-b0c1-b5ec8b932420,df66ebda-424a-4644-92e9-8ff34e3be56d,2025-11-01,5745,2025-10-24T04:53:55.871724+00:00
823,1d3aee49-b5db-4782-aa89-96fde7d827b6,f9bdd1af-e54d-41bb-b0c1-b5ec8b932420,df66ebda-424a-4644-92e9-8ff34e3be56d,2025-11-03,6840,2025-10-24T04:53:56.079925+00:00
824,edab8f5c-93e3-4400-9c8b-f35ea80b1ad4,f9bdd1af-e54d-41bb-b0c1-b5ec8b932420,4e9b1741-6fd4-47ef-ad87-3faff6bd6e40,2025-10-24,8494,2025-10-24T04:54:07.139013+00:00
825,19b666bb-2f3e-4a7e-b523-acfdf3ea1dca,2b141be2-5c85-4da4-99d9-ed7df7770e25,4e9b1741-6fd4-47ef-ad87-3faff6bd6e40,2025-08-24,12716,2025-08-23T03:55:46.567089+00:00
826,468573be-058a-4e51-a694-228e1c8454a1,2b141be2-5c85-4da4-99d9-ed7df7770e25,4e9b1741-6fd4-47ef-ad87-3faff6bd6e40,2025-08-28,9460,2025-08-23T03:55:46.915934+00:00
827,05fff85c-7630-441d-a1ea-4922204a1d0e,2b141be2-5c85-4da4-99d9-ed7df7770e25,ae06a7d9-3a3c-4886-bbb2-61c275650128,2025-08-23,6454,2025-08-23T03:55:49.289091+00:00
828,e2eb95b1-61a5-400d-9f60-ca2646847a69,2b141be2-5c85-4da4-99d9-ed7df7770e25,ae06a7d9-3a3c-4886-bbb2-61c275650128,2025-08-27,5590,2025-08-23T03:55:49.743375+00:00
829,f07b8fcb-3a12-4a2c-96ed-bbfb97074aa4,2b141be2-5c85-4da4-99d9-ed7df7770e25,ae06a7d9-3a3c-4886-bbb2-61c275650128,2025-08-31,5305,2025-08-23T03:55:50.165895+00:00
830,cffca2b6-9cf3-47c4-8386-2d3ed709ba03,2b141be2-5c85-4da4-99d9-ed7df7770e25,ae06a7d9-3a3c-4886-bbb2-61c275650128,2025-09-08,5590,2025-08-23T03:55:51.014767+00:00
831,8d8a7bf9-0050-43d5-a215-822a82c0a82b,2b141be2-5c85-4da4-99d9-ed7df7770e25,ae06a7d9-3a3c-4886-bbb2-61c275650128,2025-09-16,5035,2025-08-23T03:55:51.901338+00:00
832,049fd3ff-4dd1-463f-9d95-d0383f837d2e,2b141be2-5c85-4da4-99d9-ed7df7770e25,ae06a7d9-3a3c-4886-bbb2-61c275650128,2025-09-22,5875,2025-08-23T03:55:52.544906+00:00
833,de669d40-94fb-433e-9c21-2238d803dd9f,db09886d-1af6-4daa-81cb-c70ec0c36b4d,4e9b1741-6fd4-47ef-ad87-3faff6bd6e40,2025-08-31,12471,2025-08-30T06:02:17.244639+00:00
834,598aa89a-9d1b-4c7f-95ec-679df2cf3194,db09886d-1af6-4daa-81cb-c70ec0c36b4d,4e9b1741-6fd4-47ef-ad87-3faff6bd6e40,2025-09-01,6643,2025-08-30T06:02:17.455631+00:00
835,ba7f536d-3ce9-4851-8713-521d9e0c1a08,db09886d-1af6-4daa-81cb-c70ec0c36b4d,4e9b1741-6fd4-47ef-ad87-3faff6bd6e40,2025-09-02,6463,2025-08-30T06:02:17.553595+00:00
836,31fe1e8d-2aad-43a7-84cc-acad70dbd302,db09886d-1af6-4daa-81cb-c70ec0c36b4d,4e9b1741-6fd4-47ef-ad87-3faff6bd6e40,2025-09-03,6643,2025-08-30T06:02:17.766441+00:00
837,e0a87e1b-ccac-499f-b8d9-b75dfe90a096,db09886d-1af6-4daa-81cb-c70ec0c36b4d,4e9b1741-6fd4-47ef-ad87-3faff6bd6e40,2025-09-04,9793,2025-08-30T06:02:17.957915+00:00
838,fd141945-8bf1-49f5-80ea-4f460d34764e,db09886d-1af6-4daa-81cb-c70ec0c36b4d,4e9b1741-6fd4-47ef-ad87-3faff6bd6e40,2025-09-05,8167,2025-08-30T06:02:18.170701+00:00
839,e8d106a7-d57a-45b3-b52d-b9c579d06a43,f9bdd1af-e54d-41bb-b0c1-b5ec8b932420,4e9b1741-6fd4-47ef-ad87-3faff6bd6e40,2025-10-26,8494,2025-10-24T04:54:07.331448+00:00
840,5cfbc716-dd4c-4fb4-81a0-b05b84e5bd9c,f9bdd1af-e54d-41bb-b0c1-b5ec8b932420,4e9b1741-6fd4-47ef-ad87-3faff6bd6e40,2025-10-28,8494,2025-10-24T04:54:07.529891+00:00
841,7dbea7a9-5037-47ae-acb1-56cebb1a3d1f,f9bdd1af-e54d-41bb-b0c1-b5ec8b932420,4e9b1741-6fd4-47ef-ad87-3faff6bd6e40,2025-10-30,5870,2025-10-24T04:54:07.737652+00:00
842,4c49a575-121f-4d67-99ab-46044b89d976,f9bdd1af-e54d-41bb-b0c1-b5ec8b932420,ae06a7d9-3a3c-4886-bbb2-61c275650128,2025-10-27,7414,2025-10-24T04:54:34.157087+00:00
843,48fcb6c0-6ee1-44fc-a5fb-9bab8db9f35e,7ca7acd0-4f97-47b7-aceb-4b2c72fc8114,df66ebda-424a-4644-92e9-8ff34e3be56d,2025-10-24,5178,2025-10-24T04:54:41.138696+00:00
844,2247bc10-bdda-4fb6-820f-636523f4c0c9,7ca7acd0-4f97-47b7-aceb-4b2c72fc8114,df66ebda-424a-4644-92e9-8ff34e3be56d,2025-10-26,6119,2025-10-24T04:54:41.324284+00:00
845,87e1f9f4-2cf4-4538-95a1-bdc54bd79b1a,7ca7acd0-4f97-47b7-aceb-4b2c72fc8114,df66ebda-424a-4644-92e9-8ff34e3be56d,2025-10-28,5458,2025-10-24T04:54:41.538816+00:00
846,ebdace26-026e-4f5d-9f64-e8b7c47ade4f,7ca7acd0-4f97-47b7-aceb-4b2c72fc8114,df66ebda-424a-4644-92e9-8ff34e3be56d,2025-11-03,5272,2025-10-24T04:54:42.05093+00:00
847,c2f3327c-40c9-4e77-aad5-2a215344dee2,7ca7acd0-4f97-47b7-aceb-4b2c72fc8114,df66ebda-424a-4644-92e9-8ff34e3be56d,2025-11-11,5656,2025-10-24T04:54:42.857414+00:00
848,25f08eeb-f25f-4ae6-a478-d54e556fde8e,7ca7acd0-4f97-47b7-aceb-4b2c72fc8114,df66ebda-424a-4644-92e9-8ff34e3be56d,2025-11-23,5897,2025-10-24T04:54:43.355084+00:00
849,7cbe7c1c-257b-466d-b5e3-9410db32c52b,55494922-8879-4517-ac6b-52dbbdc5f969,df66ebda-424a-4644-92e9-8ff34e3be56d,2025-10-26,7210,2025-10-24T04:54:51.351193+00:00
850,9f953201-f8f3-4d77-8bef-3fc7b1ba43fe,55494922-8879-4517-ac6b-52dbbdc5f969,df66ebda-424a-4644-92e9-8ff34e3be56d,2025-11-01,6090,2025-10-24T04:54:51.594748+00:00
851,882a109a-d2ba-4e0a-b1cf-39cee59c4c7f,f9bdd1af-e54d-41bb-b0c1-b5ec8b932420,4e9b1741-6fd4-47ef-ad87-3faff6bd6e40,2025-08-30,5292,2025-08-30T06:07:02.455067+00:00
852,89ef8f7a-9520-463f-a2c8-b7cc2f4fdbf5,f9bdd1af-e54d-41bb-b0c1-b5ec8b932420,4e9b1741-6fd4-47ef-ad87-3faff6bd6e40,2025-08-31,7728,2025-08-30T06:07:02.568646+00:00
853,55f801a7-ccc3-41f8-bc39-f29012088430,f9bdd1af-e54d-41bb-b0c1-b5ec8b932420,4e9b1741-6fd4-47ef-ad87-3faff6bd6e40,2025-09-01,5292,2025-08-30T06:07:02.761738+00:00
854,25e7602f-41a5-4f15-b4b0-b545958060ab,f9bdd1af-e54d-41bb-b0c1-b5ec8b932420,4e9b1741-6fd4-47ef-ad87-3faff6bd6e40,2025-09-02,5502,2025-08-30T06:07:02.872812+00:00
855,f9c4598f-982a-4a8d-b45f-03960b2924c8,f9bdd1af-e54d-41bb-b0c1-b5ec8b932420,ae06a7d9-3a3c-4886-bbb2-61c275650128,2025-09-28,5483,2025-08-30T06:07:03.930285+00:00
856,333b0dd3-f451-48a2-8d44-fc18bb5d1429,f9bdd1af-e54d-41bb-b0c1-b5ec8b932420,ae06a7d9-3a3c-4886-bbb2-61c275650128,2025-09-30,5483,2025-08-30T06:07:04.139765+00:00
857,16786c02-7bc3-4645-9277-8d37a08cf446,7ca7acd0-4f97-47b7-aceb-4b2c72fc8114,4e9b1741-6fd4-47ef-ad87-3faff6bd6e40,2025-08-31,5319,2025-08-30T06:07:05.959922+00:00
858,d3d82db4-dec4-49be-8427-dd796269c366,7ca7acd0-4f97-47b7-aceb-4b2c72fc8114,4e9b1741-6fd4-47ef-ad87-3faff6bd6e40,2025-09-02,5319,2025-08-30T06:07:06.199757+00:00
859,a3e241de-3bd6-477c-99d6-a4c1c1a094b0,7ca7acd0-4f97-47b7-aceb-4b2c72fc8114,4e9b1741-6fd4-47ef-ad87-3faff6bd6e40,2025-09-04,5739,2025-08-30T06:07:06.426542+00:00
860,6e2e41f4-9e1d-4c89-8798-ef3126719f3e,55494922-8879-4517-ac6b-52dbbdc5f969,4e9b1741-6fd4-47ef-ad87-3faff6bd6e40,2025-10-24,20031,2025-10-24T04:54:57.529309+00:00
861,8372eae8-b622-4901-8173-9549b2f79a65,55494922-8879-4517-ac6b-52dbbdc5f969,ae06a7d9-3a3c-4886-bbb2-61c275650128,2025-10-26,7064,2025-10-24T04:55:26.795632+00:00
862,86a197bb-fd92-4f4f-8df7-f313ea67ecff,55494922-8879-4517-ac6b-52dbbdc5f969,ae06a7d9-3a3c-4886-bbb2-61c275650128,2025-10-28,4964,2025-10-24T04:55:26.967207+00:00
863,0456b9dd-5723-496e-b112-f2a444ba43fe,768d9295-40d7-40e8-b57a-4c5d6d15d130,ae06a7d9-3a3c-4886-bbb2-61c275650128,2025-10-25,4538,2025-10-24T04:55:48.701093+00:00
864,e0c3de03-d4e6-4f3a-9717-099a0b8007f7,1cbdc90c-a9f6-4167-bbc7-16a791dee576,4e9b1741-6fd4-47ef-ad87-3faff6bd6e40,2025-10-30,3397,2025-10-24T04:56:00.682756+00:00
865,afe9abe7-2c9c-45e2-8b63-f260ec002fa5,81cb3285-717e-457e-adf7-839e1c2a7fee,250e4577-2302-4f49-b806-11b574d83214,2025-10-29,4853,2025-10-25T18:47:22.596254+00:00
866,88ccfba0-9d52-4251-ad7e-aef78fcf9112,d947b640-2157-43a7-b48a-b8c24d4807b3,df66ebda-424a-4644-92e9-8ff34e3be56d,2025-10-28,8297,2025-10-25T18:47:24.558486+00:00
867,e3389312-66d8-4ace-955e-a1c6217e5b6a,1cbf0f58-1cba-46d8-8eec-f9c0ec5acd1f,df66ebda-424a-4644-92e9-8ff34e3be56d,2025-10-31,5680,2025-10-25T18:47:25.550037+00:00
868,c1aa3b22-d668-4931-82eb-e3a81d43c358,018826e7-9fff-464d-b3ab-3f98a4f66e53,250e4577-2302-4f49-b806-11b574d83214,2025-11-12,3864,2025-10-25T18:47:28.078808+00:00
869,424da362-4760-424d-9b94-b5bf8159ae9e,1cbf0f58-1cba-46d8-8eec-f9c0ec5acd1f,4e9b1741-6fd4-47ef-ad87-3faff6bd6e40,2025-10-27,6664,2025-10-25T18:47:30.031588+00:00
870,6ed3aa3a-d641-4f38-a937-7ded347addaf,1a13131b-9d3b-463a-9510-c5f147e7394b,250e4577-2302-4f49-b806-11b574d83214,2025-11-01,5449,2025-10-25T18:47:30.858581+00:00
871,90062dcd-cc2a-4a09-9f27-ed54cce7bc16,1a13131b-9d3b-463a-9510-c5f147e7394b,250e4577-2302-4f49-b806-11b574d83214,2025-11-08,5449,2025-10-25T18:47:30.897257+00:00
872,0ae33901-89ee-4df6-abac-c8431082d421,1a13131b-9d3b-463a-9510-c5f147e7394b,250e4577-2302-4f49-b806-11b574d83214,2025-11-16,6540,2025-10-25T18:47:30.930529+00:00
873,4e2f8d65-559d-4c25-aee7-571c154842ca,018826e7-9fff-464d-b3ab-3f98a4f66e53,4e9b1741-6fd4-47ef-ad87-3faff6bd6e40,2025-10-28,13254,2025-10-25T18:47:38.730651+00:00
874,67dacdef-5c1d-4e73-86d0-6a7c1d6cba14,1a13131b-9d3b-463a-9510-c5f147e7394b,ae06a7d9-3a3c-4886-bbb2-61c275650128,2025-11-01,5032,2025-10-25T18:47:39.94727+00:00
875,86359f2c-453f-465f-926e-d605140673a6,7ca7acd0-4f97-47b7-aceb-4b2c72fc8114,ae06a7d9-3a3c-4886-bbb2-61c275650128,2025-09-23,4799,2025-08-30T06:07:30.806026+00:00
876,7a718468-50d1-4e00-ac74-98b834da5717,7ca7acd0-4f97-47b7-aceb-4b2c72fc8114,ae06a7d9-3a3c-4886-bbb2-61c275650128,2025-09-25,4799,2025-08-30T06:07:31.027209+00:00
877,924f4d23-93ed-43c1-a4ba-082384adb9f4,7ca7acd0-4f97-47b7-aceb-4b2c72fc8114,ae06a7d9-3a3c-4886-bbb2-61c275650128,2025-09-27,4799,2025-08-30T06:07:31.260973+00:00
878,df2c99c2-2b84-40ab-aa42-49861de5de7d,7ca7acd0-4f97-47b7-aceb-4b2c72fc8114,ae06a7d9-3a3c-4886-bbb2-61c275650128,2025-09-29,4799,2025-08-30T06:07:31.491231+00:00
879,44faca80-490c-470c-ac24-510560a96bf2,db09886d-1af6-4daa-81cb-c70ec0c36b4d,ae06a7d9-3a3c-4886-bbb2-61c275650128,2025-09-10,5405,2025-08-31T19:03:34.807115+00:00
880,02219b8d-40ca-4326-831d-8933cd0eba9c,db09886d-1af6-4daa-81cb-c70ec0c36b4d,ae06a7d9-3a3c-4886-bbb2-61c275650128,2025-09-11,5405,2025-08-31T19:03:34.902074+00:00
881,fc48f568-fa94-4c71-b04f-b7813c7b6e7f,db09886d-1af6-4daa-81cb-c70ec0c36b4d,ae06a7d9-3a3c-4886-bbb2-61c275650128,2025-09-12,5405,2025-08-31T19:03:35.001923+00:00
882,5725a95d-656b-457b-a80d-7e309aebb7a6,db09886d-1af6-4daa-81cb-c70ec0c36b4d,ae06a7d9-3a3c-4886-bbb2-61c275650128,2025-09-13,5405,2025-08-31T19:03:35.096965+00:00
883,7b0da7c9-a067-46f2-b13f-8865a58b1a3b,db09886d-1af6-4daa-81cb-c70ec0c36b4d,ae06a7d9-3a3c-4886-bbb2-61c275650128,2025-09-14,5405,2025-08-31T19:03:35.190726+00:00
884,134fde5f-397c-4e75-8b2a-0bd8713af327,db09886d-1af6-4daa-81cb-c70ec0c36b4d,ae06a7d9-3a3c-4886-bbb2-61c275650128,2025-09-15,5405,2025-08-31T19:03:35.293873+00:00
885,a114ca19-4d83-4a21-9c54-be31431c668a,db09886d-1af6-4daa-81cb-c70ec0c36b4d,ae06a7d9-3a3c-4886-bbb2-61c275650128,2025-09-16,5405,2025-08-31T19:03:35.386553+00:00
886,edd8a0e8-ffe2-47ad-b25f-1a23511885ab,db09886d-1af6-4daa-81cb-c70ec0c36b4d,ae06a7d9-3a3c-4886-bbb2-61c275650128,2025-09-17,5405,2025-08-31T19:03:35.486356+00:00
887,a91e4b1f-1955-4eb4-8f0c-5569beb66ddf,db09886d-1af6-4daa-81cb-c70ec0c36b4d,ae06a7d9-3a3c-4886-bbb2-61c275650128,2025-09-18,5405,2025-08-31T19:03:35.581203+00:00
888,37d79215-8342-4646-8730-10290808ea06,db09886d-1af6-4daa-81cb-c70ec0c36b4d,ae06a7d9-3a3c-4886-bbb2-61c275650128,2025-09-19,5405,2025-08-31T19:03:35.680922+00:00
889,6b0870a2-6f15-42f4-8bd9-b5984599a3b7,db09886d-1af6-4daa-81cb-c70ec0c36b4d,ae06a7d9-3a3c-4886-bbb2-61c275650128,2025-09-20,5405,2025-08-31T19:03:35.784524+00:00
890,2e8a764d-ece5-4bae-8928-448cd6b2b658,db09886d-1af6-4daa-81cb-c70ec0c36b4d,ae06a7d9-3a3c-4886-bbb2-61c275650128,2025-09-21,5405,2025-08-31T19:03:35.874686+00:00
891,4de37e42-c210-439b-ab1e-8e35664d7896,1cbdc90c-a9f6-4167-bbc7-16a791dee576,ae06a7d9-3a3c-4886-bbb2-61c275650128,2025-10-24,4166,2025-10-24T04:56:38.152913+00:00
892,5e9a09c3-7031-4fb0-9863-fa5d6ee6a35e,81cb3285-717e-457e-adf7-839e1c2a7fee,250e4577-2302-4f49-b806-11b574d83214,2025-10-30,4853,2025-10-25T18:47:22.609736+00:00
893,21f8cdc0-197b-405d-8bb8-716d242f568b,3fd14c1f-3c99-4c36-9000-d2c278593f56,ae06a7d9-3a3c-4886-bbb2-61c275650128,2025-09-22,4347,2025-08-23T03:55:42.834988+00:00
894,7fe67f5d-a660-4920-9711-a05efb983967,3fd14c1f-3c99-4c36-9000-d2c278593f56,ae06a7d9-3a3c-4886-bbb2-61c275650128,2025-09-23,3843,2025-08-23T03:55:42.939319+00:00
895,685a12a1-b991-40a9-bfe1-a107796eeca2,d947b640-2157-43a7-b48a-b8c24d4807b3,250e4577-2302-4f49-b806-11b574d83214,2025-10-26,15024,2025-10-25T18:47:23.009072+00:00
896,dbf10aa4-13b6-40e6-9894-09b60e93e53f,2b141be2-5c85-4da4-99d9-ed7df7770e25,4e9b1741-6fd4-47ef-ad87-3faff6bd6e40,2025-08-23,15005,2025-08-23T03:55:46.460952+00:00
897,398c8fdc-ebcd-409e-9f06-af2939aa132b,2b141be2-5c85-4da4-99d9-ed7df7770e25,4e9b1741-6fd4-47ef-ad87-3faff6bd6e40,2025-08-29,9880,2025-08-23T03:55:47.113792+00:00
898,81d6689b-b7ca-4336-9c47-4f20b69487ee,2b141be2-5c85-4da4-99d9-ed7df7770e25,ae06a7d9-3a3c-4886-bbb2-61c275650128,2025-08-24,5416,2025-08-23T03:55:49.399513+00:00
899,69703dae-bf85-4ece-85d0-f8e4e77134fd,2b141be2-5c85-4da4-99d9-ed7df7770e25,ae06a7d9-3a3c-4886-bbb2-61c275650128,2025-08-26,5544,2025-08-23T03:55:49.633457+00:00
900,790f59aa-7ede-420b-a2c0-4d7276df6eb2,2b141be2-5c85-4da4-99d9-ed7df7770e25,ae06a7d9-3a3c-4886-bbb2-61c275650128,2025-08-28,5305,2025-08-23T03:55:49.856187+00:00
901,12c568df-e649-4529-86bd-bb3ec3b00ae4,2b141be2-5c85-4da4-99d9-ed7df7770e25,ae06a7d9-3a3c-4886-bbb2-61c275650128,2025-09-05,6089,2025-08-23T03:55:50.711934+00:00
902,06b3739f-422b-42b5-ab4a-f8339545dc43,2b141be2-5c85-4da4-99d9-ed7df7770e25,ae06a7d9-3a3c-4886-bbb2-61c275650128,2025-09-23,4615,2025-08-23T03:55:52.654333+00:00
903,0fcdd9a1-b747-4cf6-b450-8d197e2039ea,d947b640-2157-43a7-b48a-b8c24d4807b3,df66ebda-424a-4644-92e9-8ff34e3be56d,2025-10-26,9522,2025-10-25T18:47:24.474261+00:00
904,96010259-06cd-412b-898d-bb8f7f09569f,d947b640-2157-43a7-b48a-b8c24d4807b3,ae06a7d9-3a3c-4886-bbb2-61c275650128,2025-10-29,5990,2025-10-25T18:47:26.755809+00:00
905,701ebb60-4555-4777-a004-28e32372a516,018826e7-9fff-464d-b3ab-3f98a4f66e53,250e4577-2302-4f49-b806-11b574d83214,2025-11-13,3864,2025-10-25T18:47:28.092549+00:00
906,52f1e657-fa11-44a6-9fd3-8e860db51cf7,018826e7-9fff-464d-b3ab-3f98a4f66e53,250e4577-2302-4f49-b806-11b574d83214,2025-11-26,4602,2025-10-25T18:47:28.128508+00:00
907,baee4ece-df5c-4e58-a7c4-ed7443602264,1a13131b-9d3b-463a-9510-c5f147e7394b,250e4577-2302-4f49-b806-11b574d83214,2025-10-29,5449,2025-10-25T18:47:30.856615+00:00
908,a74a016e-b621-48a1-b1c8-2f089c23e141,1a13131b-9d3b-463a-9510-c5f147e7394b,250e4577-2302-4f49-b806-11b574d83214,2025-11-17,5449,2025-10-25T18:47:30.932643+00:00
909,3cf32e67-fa22-45cf-816e-b39cf3299c19,018826e7-9fff-464d-b3ab-3f98a4f66e53,4e9b1741-6fd4-47ef-ad87-3faff6bd6e40,2025-10-27,21761,2025-10-25T18:47:38.693815+00:00
910,e57b3872-b37c-4636-b2f2-1f0eabf736bb,1a13131b-9d3b-463a-9510-c5f147e7394b,ae06a7d9-3a3c-4886-bbb2-61c275650128,2025-11-10,5805,2025-10-25T18:47:40.661323+00:00
911,32084268-cd8c-407b-9191-ea33edf1616e,d2e482af-cddf-493a-ba4a-151d68dab915,250e4577-2302-4f49-b806-11b574d83214,2025-11-04,6699,2025-10-25T18:47:42.99719+00:00
912,0bbef7a7-67a6-4876-b687-dadb1dceaa61,464e28a6-3412-4a77-9030-b6b42b9a7d07,ae06a7d9-3a3c-4886-bbb2-61c275650128,2025-08-31,4801,2025-08-23T03:56:14.945671+00:00
913,ccbdb384-ae8f-4631-94e7-9a6236f10750,464e28a6-3412-4a77-9030-b6b42b9a7d07,ae06a7d9-3a3c-4886-bbb2-61c275650128,2025-09-08,3856,2025-08-23T03:56:15.894907+00:00
914,d2424b4a-0b8f-451b-bfad-61934df113a2,464e28a6-3412-4a77-9030-b6b42b9a7d07,ae06a7d9-3a3c-4886-bbb2-61c275650128,2025-09-22,4013,2025-08-23T03:56:17.398258+00:00
915,585b0739-180f-4238-8fc5-6b8a932dda39,464e28a6-3412-4a77-9030-b6b42b9a7d07,ae06a7d9-3a3c-4886-bbb2-61c275650128,2025-09-23,4013,2025-08-23T03:56:17.500878+00:00
916,c60d2fd0-de18-4c0e-8dd9-5dfcd7ac8b23,c8099dfe-0d02-4ef6-a24f-ea1e0e9687fe,ae06a7d9-3a3c-4886-bbb2-61c275650128,2025-09-22,3856,2025-08-23T03:56:31.27622+00:00
917,a3159d7f-708c-48cc-8d40-fe7a8ab0f80e,c8099dfe-0d02-4ef6-a24f-ea1e0e9687fe,ae06a7d9-3a3c-4886-bbb2-61c275650128,2025-09-23,3856,2025-08-23T03:56:31.392459+00:00
918,b28eb1a3-bb21-49de-b625-3b27c45a8c56,fcac0d40-d350-46b7-b2b6-e36851adc3b8,ae06a7d9-3a3c-4886-bbb2-61c275650128,2025-08-23,3083,2025-08-23T03:56:39.696579+00:00
919,efc3675c-e151-4f2d-9f25-f0cdd2d20fc2,fcac0d40-d350-46b7-b2b6-e36851adc3b8,ae06a7d9-3a3c-4886-bbb2-61c275650128,2025-08-24,2986,2025-08-23T03:56:39.849854+00:00
920,77221eec-c0f8-4af9-90e9-d834cb36562f,fcac0d40-d350-46b7-b2b6-e36851adc3b8,ae06a7d9-3a3c-4886-bbb2-61c275650128,2025-08-25,3083,2025-08-23T03:56:40.053712+00:00
921,6ada6115-e2e4-497a-ba38-59259c1ea491,fcac0d40-d350-46b7-b2b6-e36851adc3b8,ae06a7d9-3a3c-4886-bbb2-61c275650128,2025-09-01,3042,2025-08-23T03:56:41.205767+00:00
922,3a87b1ae-d976-40e1-aa23-c45c38756de9,fcac0d40-d350-46b7-b2b6-e36851adc3b8,ae06a7d9-3a3c-4886-bbb2-61c275650128,2025-09-02,3083,2025-08-23T03:56:41.312039+00:00
923,914076e5-ceea-415b-aec5-4f263e848195,fcac0d40-d350-46b7-b2b6-e36851adc3b8,ae06a7d9-3a3c-4886-bbb2-61c275650128,2025-09-22,3083,2025-08-23T03:56:43.401334+00:00
924,cc6f46ab-6000-4382-8079-928644fc35b1,fcac0d40-d350-46b7-b2b6-e36851adc3b8,ae06a7d9-3a3c-4886-bbb2-61c275650128,2025-09-23,3083,2025-08-23T03:56:43.510164+00:00
925,a70f12e2-cd58-4621-a522-cd3a310b22a3,8dc99465-1d7f-4bab-87d0-43263d95f675,4e9b1741-6fd4-47ef-ad87-3faff6bd6e40,2025-08-23,6253,2025-08-23T03:56:46.217514+00:00
926,269cbea1-14c0-4a5e-9554-ec244dd8b12a,8dc99465-1d7f-4bab-87d0-43263d95f675,4e9b1741-6fd4-47ef-ad87-3faff6bd6e40,2025-08-24,6621,2025-08-23T03:56:46.336085+00:00
927,42a7ef8a-4618-4a93-a979-fb8ec3198b4d,8dc99465-1d7f-4bab-87d0-43263d95f675,4e9b1741-6fd4-47ef-ad87-3faff6bd6e40,2025-08-28,5255,2025-08-23T03:56:46.916609+00:00
928,5d3f8c3e-0c9f-41f6-a6e7-5ed6e0b1ed1e,8dc99465-1d7f-4bab-87d0-43263d95f675,4e9b1741-6fd4-47ef-ad87-3faff6bd6e40,2025-08-29,5255,2025-08-23T03:56:47.066472+00:00
929,8b3d1089-2553-48ac-bab4-6be7132c32a9,d2e482af-cddf-493a-ba4a-151d68dab915,250e4577-2302-4f49-b806-11b574d83214,2025-11-25,9417,2025-10-25T18:47:43.115855+00:00
930,7fbf3c76-6e9d-45f3-8df6-f2fca2eef568,4c86c598-d7f1-4ad1-8752-f787b957950d,250e4577-2302-4f49-b806-11b574d83214,2025-10-28,7449,2025-10-25T18:47:59.758738+00:00
931,acf1f03f-7a7e-476c-8d0c-400b76d040ea,248c6414-538b-41de-820c-e45a78dd2057,250e4577-2302-4f49-b806-11b574d83214,2025-11-08,7844,2025-10-25T18:48:00.942823+00:00
932,beae21bf-52c0-4133-80c8-36ac1a235a62,248c6414-538b-41de-820c-e45a78dd2057,250e4577-2302-4f49-b806-11b574d83214,2025-11-19,7844,2025-10-25T18:48:00.986898+00:00
933,c908de5a-7c98-4ff8-ab08-e06233423404,1a13131b-9d3b-463a-9510-c5f147e7394b,4e9b1741-6fd4-47ef-ad87-3faff6bd6e40,2025-10-26,22151,2025-10-25T18:48:01.54377+00:00
934,df7579a3-c502-41ae-9236-c2b70744defa,0fda54ea-aed0-45b6-966e-ee23bee9bb89,250e4577-2302-4f49-b806-11b574d83214,2025-10-27,16653,2025-10-25T18:48:02.239135+00:00
935,0b05d151-3e89-47ef-894a-4e5a2dce3d9d,0fda54ea-aed0-45b6-966e-ee23bee9bb89,250e4577-2302-4f49-b806-11b574d83214,2025-11-20,6598,2025-10-25T18:48:02.319216+00:00
936,4423500a-3d53-49ca-89eb-5919920e5124,1213a742-5121-4c1e-b2f8-6be2a05e31e2,df66ebda-424a-4644-92e9-8ff34e3be56d,2025-10-27,5972,2025-10-25T18:48:02.612947+00:00
937,e27806f0-3b77-44e6-bb1e-bc8aca7e7276,1213a742-5121-4c1e-b2f8-6be2a05e31e2,df66ebda-424a-4644-92e9-8ff34e3be56d,2025-11-06,5168,2025-10-25T18:48:02.918283+00:00
938,2054cf1a-00b5-42d7-a04b-a0e139dd5b44,1213a742-5121-4c1e-b2f8-6be2a05e31e2,df66ebda-424a-4644-92e9-8ff34e3be56d,2025-11-26,4599,2025-10-25T18:48:03.535223+00:00
939,54d8485a-ffde-4265-9f6c-a367b83c3a4c,4c86c598-d7f1-4ad1-8752-f787b957950d,df66ebda-424a-4644-92e9-8ff34e3be56d,2025-11-10,7182,2025-10-25T18:48:04.065072+00:00
940,b8d02d4e-de8f-4fb7-88d1-ba03444c0c82,0fda54ea-aed0-45b6-966e-ee23bee9bb89,df66ebda-424a-4644-92e9-8ff34e3be56d,2025-11-03,8867,2025-10-25T18:48:04.216852+00:00
941,0e1354b3-6f65-40c8-86e4-12b79421cdac,4c86c598-d7f1-4ad1-8752-f787b957950d,df66ebda-424a-4644-92e9-8ff34e3be56d,2025-11-19,6499,2025-10-25T18:48:04.367186+00:00
942,5e4b6887-f980-45b1-86a6-deb3d0e7697b,0fda54ea-aed0-45b6-966e-ee23bee9bb89,df66ebda-424a-4644-92e9-8ff34e3be56d,2025-11-14,5785,2025-10-25T18:48:04.552587+00:00
943,1f38053b-c0db-432a-88d6-e8cc35418e71,248c6414-538b-41de-820c-e45a78dd2057,df66ebda-424a-4644-92e9-8ff34e3be56d,2025-10-30,11493,2025-10-25T18:48:04.954677+00:00
944,266f21dd-3b50-48a1-b231-f610ee481a5a,248c6414-538b-41de-820c-e45a78dd2057,df66ebda-424a-4644-92e9-8ff34e3be56d,2025-11-19,8386,2025-10-25T18:48:05.541718+00:00
945,2dab08f0-db2d-4488-a28d-00d3bc2bdd10,db09886d-1af6-4daa-81cb-c70ec0c36b4d,250e4577-2302-4f49-b806-11b574d83214,2025-10-26,10837,2025-10-25T18:48:10.069574+00:00
946,1e405064-62e1-44f0-ba82-704a545b2bf7,248c6414-538b-41de-820c-e45a78dd2057,4e9b1741-6fd4-47ef-ad87-3faff6bd6e40,2025-10-31,8341,2025-10-25T18:48:14.780678+00:00
947,09443995-7f65-41d6-86dd-68e21128f979,6446326c-4400-4274-804f-8c61e487b251,250e4577-2302-4f49-b806-11b574d83214,2025-11-01,8081,2025-10-25T18:48:32.142921+00:00
948,a0cfacc5-fd7a-4cf7-88ad-c6775fb34e5b,6446326c-4400-4274-804f-8c61e487b251,250e4577-2302-4f49-b806-11b574d83214,2025-11-06,8081,2025-10-25T18:48:32.189706+00:00
949,5f961cbb-a383-47fb-a0e7-4c3fb0f27e25,6446326c-4400-4274-804f-8c61e487b251,250e4577-2302-4f49-b806-11b574d83214,2025-11-16,7871,2025-10-25T18:48:32.218317+00:00
950,7fea97de-f7b7-4dad-bdf1-b134c740c6d7,6446326c-4400-4274-804f-8c61e487b251,250e4577-2302-4f49-b806-11b574d83214,2025-11-26,7871,2025-10-25T18:48:32.253563+00:00
951,f694b9da-5e56-42db-b791-28a616a2ec10,6446326c-4400-4274-804f-8c61e487b251,df66ebda-424a-4644-92e9-8ff34e3be56d,2025-10-26,11384,2025-10-25T18:48:35.180656+00:00
952,483dae1d-68a5-408c-9b43-5817d69b63e4,6446326c-4400-4274-804f-8c61e487b251,df66ebda-424a-4644-92e9-8ff34e3be56d,2025-11-06,16991,2025-10-25T18:48:35.589211+00:00
953,aed5e165-4253-44c3-8437-a72131c96147,c96034fb-d762-460a-a5a8-48829c121c1c,df66ebda-424a-4644-92e9-8ff34e3be56d,2025-10-28,11702,2025-10-25T18:48:37.110561+00:00
954,2237841c-c28a-4a6f-8a6d-ec50a3e1814f,248c6414-538b-41de-820c-e45a78dd2057,ae06a7d9-3a3c-4886-bbb2-61c275650128,2025-10-29,6152,2025-10-25T18:48:37.35223+00:00
955,8a5e209a-9be6-47c5-95c0-8fc8594623a1,248c6414-538b-41de-820c-e45a78dd2057,ae06a7d9-3a3c-4886-bbb2-61c275650128,2025-11-03,6152,2025-10-25T18:48:37.525321+00:00
956,9130f2d9-53a8-49ad-9adc-21ae47a3fe77,248c6414-538b-41de-820c-e45a78dd2057,ae06a7d9-3a3c-4886-bbb2-61c275650128,2025-11-14,6152,2025-10-25T18:48:37.901032+00:00
957,4e8f9185-47c0-4cfb-88ee-c4faa77ee8b6,3fd14c1f-3c99-4c36-9000-d2c278593f56,250e4577-2302-4f49-b806-11b574d83214,2025-11-02,5949,2025-10-25T18:48:38.838766+00:00
958,015e9682-2463-43f2-88fd-af8a64e0a1ca,3fd14c1f-3c99-4c36-9000-d2c278593f56,df66ebda-424a-4644-92e9-8ff34e3be56d,2025-10-28,7268,2025-10-25T18:48:42.946508+00:00
959,6ddb1205-f233-42ba-bd5f-735f055e1123,2b141be2-5c85-4da4-99d9-ed7df7770e25,250e4577-2302-4f49-b806-11b574d83214,2025-11-01,6521,2025-10-25T18:48:46.870826+00:00
960,3dc2860e-d429-4d0e-be2b-1dcdfce85d4a,2b141be2-5c85-4da4-99d9-ed7df7770e25,250e4577-2302-4f49-b806-11b574d83214,2025-11-11,6521,2025-10-25T18:48:46.904714+00:00
961,84d61af2-d456-4cfb-b66c-26b3721c5088,8dc99465-1d7f-4bab-87d0-43263d95f675,ae06a7d9-3a3c-4886-bbb2-61c275650128,2025-08-23,7003,2025-08-23T03:57:02.229019+00:00
962,e8f3129c-5309-4adf-a787-ee6672d3ebb5,8dc99465-1d7f-4bab-87d0-43263d95f675,ae06a7d9-3a3c-4886-bbb2-61c275650128,2025-08-24,6793,2025-08-23T03:57:02.370368+00:00
963,4950786a-fc80-40b2-933b-6324ebb28b4a,8dc99465-1d7f-4bab-87d0-43263d95f675,ae06a7d9-3a3c-4886-bbb2-61c275650128,2025-09-05,4631,2025-08-23T03:57:04.109717+00:00
964,873225da-93f2-4864-9448-c0b552cb273f,8dc99465-1d7f-4bab-87d0-43263d95f675,ae06a7d9-3a3c-4886-bbb2-61c275650128,2025-09-13,4631,2025-08-23T03:57:05.412967+00:00
965,7c663401-073e-4d62-af77-023f242d5d1e,8dc99465-1d7f-4bab-87d0-43263d95f675,ae06a7d9-3a3c-4886-bbb2-61c275650128,2025-09-18,5008,2025-08-23T03:57:05.969729+00:00
966,4c00cb56-ba97-4a14-a4c2-16f0adf92010,8dc99465-1d7f-4bab-87d0-43263d95f675,ae06a7d9-3a3c-4886-bbb2-61c275650128,2025-09-20,5691,2025-08-23T03:57:06.194032+00:00
967,85188311-4e69-4d9a-869f-c445b1286aa3,8dc99465-1d7f-4bab-87d0-43263d95f675,ae06a7d9-3a3c-4886-bbb2-61c275650128,2025-09-21,5218,2025-08-23T03:57:06.304533+00:00
968,33a7b7a2-407a-4353-a9dc-eda977ae4cbc,8dc99465-1d7f-4bab-87d0-43263d95f675,ae06a7d9-3a3c-4886-bbb2-61c275650128,2025-09-22,5872,2025-08-23T03:57:06.417769+00:00
969,74d046f9-0ec8-465f-9e79-122c400cd9d2,8dc99465-1d7f-4bab-87d0-43263d95f675,ae06a7d9-3a3c-4886-bbb2-61c275650128,2025-09-23,5678,2025-08-23T03:57:06.530308+00:00
970,f23b01ba-ac89-4ba2-8795-69ea35677800,f9bdd1af-e54d-41bb-b0c1-b5ec8b932420,4e9b1741-6fd4-47ef-ad87-3faff6bd6e40,2025-08-24,8931,2025-08-23T03:57:07.858088+00:00
971,22f01414-676b-4052-9a4c-86486a47e2e1,f9bdd1af-e54d-41bb-b0c1-b5ec8b932420,4e9b1741-6fd4-47ef-ad87-3faff6bd6e40,2025-08-26,6342,2025-08-23T03:57:08.113692+00:00
972,a522e03e-591d-40e5-a63c-b56ffdddfbc1,f9bdd1af-e54d-41bb-b0c1-b5ec8b932420,4e9b1741-6fd4-47ef-ad87-3faff6bd6e40,2025-08-28,6080,2025-08-23T03:57:08.351162+00:00
973,8ce1128c-5bb9-4e57-9aed-a888600a8979,1c139a59-bff1-4269-b152-6e4003fbef79,ae06a7d9-3a3c-4886-bbb2-61c275650128,2025-10-24,6961,2025-10-24T05:27:12.726755+00:00
974,41cbac81-ade5-47e4-8efb-1f4c86084d1e,1c139a59-bff1-4269-b152-6e4003fbef79,ae06a7d9-3a3c-4886-bbb2-61c275650128,2025-10-25,8326,2025-10-24T05:27:12.776376+00:00
975,5dd07d78-660f-4ee8-999b-d4378ace80e6,1c139a59-bff1-4269-b152-6e4003fbef79,ae06a7d9-3a3c-4886-bbb2-61c275650128,2025-10-26,21451,2025-10-24T05:27:12.809387+00:00
976,e8ee55ec-f749-4e11-861b-4feabf18ef35,1c139a59-bff1-4269-b152-6e4003fbef79,ae06a7d9-3a3c-4886-bbb2-61c275650128,2025-10-27,9586,2025-10-24T05:27:12.853033+00:00
977,a8b64275-5043-4ad9-8336-d8fd244b7181,46f1d8d2-0c45-440a-8977-66111a872c6e,df66ebda-424a-4644-92e9-8ff34e3be56d,2025-10-24,12771,2025-10-24T05:27:12.891669+00:00
978,d7bddfba-5bcf-4888-8239-48970767448b,46f1d8d2-0c45-440a-8977-66111a872c6e,df66ebda-424a-4644-92e9-8ff34e3be56d,2025-10-26,12024,2025-10-24T05:27:12.941355+00:00
979,1cd45582-6fb8-40bd-8453-3c2c43d10939,46f1d8d2-0c45-440a-8977-66111a872c6e,4e9b1741-6fd4-47ef-ad87-3faff6bd6e40,2025-10-26,10298,2025-10-24T05:27:12.968857+00:00
980,d0ad61e3-c8e4-42bc-b850-06faac0be961,46f1d8d2-0c45-440a-8977-66111a872c6e,4e9b1741-6fd4-47ef-ad87-3faff6bd6e40,2025-10-27,7137,2025-10-24T05:27:13.006779+00:00
981,412fae18-c653-4416-9a86-5faf54880f2a,46f1d8d2-0c45-440a-8977-66111a872c6e,df66ebda-424a-4644-92e9-8ff34e3be56d,2025-10-28,9277,2025-10-24T05:27:13.037442+00:00
982,af9b9b4b-23ff-47b6-b55c-1ac341534a65,1c139a59-bff1-4269-b152-6e4003fbef79,ae06a7d9-3a3c-4886-bbb2-61c275650128,2025-11-01,6195,2025-10-24T05:27:13.061638+00:00
983,cb5480c5-5c86-4f0a-93c2-c6578555a8cf,46f1d8d2-0c45-440a-8977-66111a872c6e,df66ebda-424a-4644-92e9-8ff34e3be56d,2025-10-29,14959,2025-10-24T05:27:13.101932+00:00
984,c809169b-93cf-485f-b01d-441c9520666f,f9bdd1af-e54d-41bb-b0c1-b5ec8b932420,ae06a7d9-3a3c-4886-bbb2-61c275650128,2025-08-23,5796,2025-08-23T03:57:21.475657+00:00
985,e2fb7c37-364f-4bdc-aa89-80e18131c7a5,f9bdd1af-e54d-41bb-b0c1-b5ec8b932420,ae06a7d9-3a3c-4886-bbb2-61c275650128,2025-09-22,5483,2025-08-23T03:57:26.103762+00:00
986,a208bf33-a8e0-4168-96dd-b39b98d20371,46f1d8d2-0c45-440a-8977-66111a872c6e,4e9b1741-6fd4-47ef-ad87-3faff6bd6e40,2025-10-30,6837,2025-10-24T05:27:13.137129+00:00
987,b626c5f5-3afc-40ff-9160-3177c945e452,1c139a59-bff1-4269-b152-6e4003fbef79,ae06a7d9-3a3c-4886-bbb2-61c275650128,2025-11-05,6195,2025-10-24T05:27:13.197387+00:00
988,48b59e4c-cad3-4a4a-aa70-5384dfaf6836,46f1d8d2-0c45-440a-8977-66111a872c6e,df66ebda-424a-4644-92e9-8ff34e3be56d,2025-11-01,18167,2025-10-24T05:27:13.276501+00:00
989,96d723c1-3bd0-48ce-bf1c-ca9e1d927a6c,1c139a59-bff1-4269-b152-6e4003fbef79,ae06a7d9-3a3c-4886-bbb2-61c275650128,2025-11-08,6195,2025-10-24T05:27:13.319475+00:00
990,ae4abd13-60cc-4614-8042-245d1a8542ea,1c139a59-bff1-4269-b152-6e4003fbef79,ae06a7d9-3a3c-4886-bbb2-61c275650128,2025-11-10,6195,2025-10-24T05:27:13.397767+00:00
991,574f787c-0dcb-44b7-bc1c-c5b698074caf,46f1d8d2-0c45-440a-8977-66111a872c6e,df66ebda-424a-4644-92e9-8ff34e3be56d,2025-11-05,6218,2025-10-24T05:27:13.445452+00:00
992,910a8087-1224-4bd1-a232-995869eb1542,1c139a59-bff1-4269-b152-6e4003fbef79,ae06a7d9-3a3c-4886-bbb2-61c275650128,2025-11-13,6195,2025-10-24T05:27:13.517411+00:00
993,192c1c62-6849-4420-92b6-0ab58756fa9c,46f1d8d2-0c45-440a-8977-66111a872c6e,df66ebda-424a-4644-92e9-8ff34e3be56d,2025-11-08,7519,2025-10-24T05:27:13.56744+00:00
994,540707de-12e4-4f3b-ba69-aedb6cdb45b0,7ca7acd0-4f97-47b7-aceb-4b2c72fc8114,ae06a7d9-3a3c-4886-bbb2-61c275650128,2025-09-22,5530,2025-08-23T03:57:57.177581+00:00
995,19cda151-ed99-41ff-a8c2-22bd72b86997,1c139a59-bff1-4269-b152-6e4003fbef79,ae06a7d9-3a3c-4886-bbb2-61c275650128,2025-11-16,6195,2025-10-24T05:27:13.61529+00:00
996,a1635714-f7b5-4ab6-a6e9-f0e25541d721,1c139a59-bff1-4269-b152-6e4003fbef79,ae06a7d9-3a3c-4886-bbb2-61c275650128,2025-11-18,6195,2025-10-24T05:27:13.679469+00:00
997,926b8134-8545-4721-9bc2-19daf02801e8,1c139a59-bff1-4269-b152-6e4003fbef79,ae06a7d9-3a3c-4886-bbb2-61c275650128,2025-11-20,6195,2025-10-24T05:27:13.741007+00:00
998,a2ed5120-0a7d-4e8c-9edf-01705d05f96f,46f1d8d2-0c45-440a-8977-66111a872c6e,df66ebda-424a-4644-92e9-8ff34e3be56d,2025-11-13,6085,2025-10-24T05:27:13.784244+00:00
999,fc92f7ea-d8e1-4715-af2d-56d33336127a,1c139a59-bff1-4269-b152-6e4003fbef79,ae06a7d9-3a3c-4886-bbb2-61c275650128,2025-11-23,6195,2025-10-24T05:27:13.850858+00:00
